LOCATION,TIME,Value
Austria,1960,8.8
Austria,1961,9.4
Austria,1962,9.4
Austria,1963,10.1
Austria,1964,10.7
Austria,1965,11.2
Austria,1966,13.0
Austria,1967,12.7
Austria,1968,13.4
Austria,1969,13.2
Austria,1970,13.3
Austria,1971,13.9
Austria,1972,14.4
Austria,1973,14.6
Austria,1974,14.6
Austria,1975,14.1
Austria,1976,14.2
Austria,1977,14.3
Austria,1978,13.5
Austria,1979,13.6
Austria,1980,13.6
Austria,1981,13.4
Austria,1982,13.5
Austria,1983,14.0
Austria,1984,13.8
Austria,1985,13.3
Austria,1986,13.6
Austria,1987,13.6
Austria,1988,13.7
Austria,1989,13.9
Austria,1990,14.0
Austria,1991,14.0
Austria,1992,13.6
Austria,1993,13.5
Austria,1994,12.5
Austria,1995,13.4
Austria,1996,13.5
Austria,1997,12.9
Austria,1998,12.9
Austria,1999,12.8
Austria,2000,13.2
Austria,2001,12.3
Austria,2002,12.1
Austria,2003,12.3
Austria,2004,12.1
Austria,2005,12.2
Austria,2006,12.5
Austria,2007,12.5
Austria,2008,12.0
Austria,2009,11.8
Austria,2010,12.1
Austria,2011,11.9
Austria,2012,12.1
Austria,2013,11.9
Austria,2014,12.2
Austria,2015,11.2
Austria,2016,11.4
Austria,2017,11.3
Austria,2018,11.3
Austria,2019,11.6
Austria,2020,11.3
Austria,2021,11.1
Belgium,1963,9.9
Belgium,1964,10.5
Belgium,1965,10.8
Belgium,1966,10.3
Belgium,1967,10.7
Belgium,1968,11.2
Belgium,1969,11.5
Belgium,1970,12.4
Belgium,1971,12.6
Belgium,1972,13.0
Belgium,1973,13.8
Belgium,1974,13.4
Belgium,1975,13.5
Belgium,1976,13.6
Belgium,1977,13.5
Belgium,1978,13.4
Belgium,1979,13.6
Belgium,1980,14.0
Belgium,1981,13.3
Belgium,1982,13.7
Belgium,1983,13.6
Belgium,1984,13.3
Belgium,1985,13.1
Belgium,1986,12.7
Belgium,1987,13.2
Belgium,1988,12.5
Belgium,1989,11.6
Belgium,1990,12.2
Belgium,1991,11.4
Belgium,1992,11.7
Belgium,1993,11.7
Belgium,1994,11.1
Belgium,1995,11.0
Belgium,1996,10.9
Belgium,1997,10.9
Belgium,1998,9.9
Belgium,1999,10.1
Belgium,2000,11.2
Belgium,2001,11.0
Belgium,2002,11.3
Belgium,2003,11.3
Belgium,2004,12.1
Belgium,2005,12.2
Belgium,2006,10.9
Belgium,2007,10.3
Belgium,2008,10.5
Belgium,2009,10.1
Belgium,2010,10.3
Belgium,2011,10.1
Belgium,2012,10.1
Belgium,2013,10.3
Belgium,2014,10.6
Belgium,2015,10.4
Belgium,2016,9.4
Belgium,2017,9.3
Belgium,2018,9.2
Belgium,2019,9.2
Czechia,1980,11.7
Czechia,1981,12.3
Czechia,1982,11.9
Czechia,1983,12.2
Czechia,1984,12.0
Czechia,1985,11.7
Czechia,1986,11.3
Czechia,1987,10.4
Czechia,1988,10.5
Czechia,1989,10.5
Czechia,1990,11.3
Czechia,1991,11.5
Czechia,1992,11.8
Czechia,1993,11.5
Czechia,1994,11.6
Czechia,1995,11.5
Czechia,1996,11.6
Czechia,1997,11.9
Czechia,1998,11.8
Czechia,1999,11.9
Czechia,2000,11.8
Czechia,2001,11.8
Czechia,2002,11.9
Czechia,2003,12.1
Czechia,2004,11.5
Czechia,2005,12.0
Czechia,2006,11.9
Czechia,2007,12.1
Czechia,2008,12.1
Czechia,2009,12.1
Czechia,2010,11.4
Czechia,2011,11.5
Czechia,2012,11.6
Czechia,2013,11.5
Czechia,2014,11.9
Czechia,2015,11.5
Czechia,2016,11.7
Czechia,2017,11.6
Czechia,2018,11.8
Czechia,2019,11.9
Czechia,2020,11.6
Czechia,2021,11.6
Denmark,1960,6.0
Denmark,1965,7.4
Denmark,1966,7.9
Denmark,1967,8.0
Denmark,1968,8.3
Denmark,1969,8.9
Denmark,1970,9.7
Denmark,1971,10.0
Denmark,1972,10.8
Denmark,1973,11.7
Denmark,1974,11.4
Denmark,1975,12.3
Denmark,1976,12.7
Denmark,1977,12.3
Denmark,1978,11.7
Denmark,1979,12.3
Denmark,1980,12.4
Denmark,1981,12.9
Denmark,1982,13.3
Denmark,1983,13.7
Denmark,1984,13.0
Denmark,1985,13.1
Denmark,1986,12.8
Denmark,1987,12.5
Denmark,1988,12.5
Denmark,1989,12.2
Denmark,1990,12.3
Denmark,1991,12.2
Denmark,1992,12.5
Denmark,1993,12.3
Denmark,1994,12.5
Denmark,1995,12.7
Denmark,1996,12.7
Denmark,1997,12.6
Denmark,1998,12.1
Denmark,1999,12.1
Denmark,2000,12.2
Denmark,2001,12.0
Denmark,2002,11.8
Denmark,2003,12.0
Denmark,2004,11.8
Denmark,2005,11.8
Denmark,2006,11.6
Denmark,2007,11.6
Denmark,2008,11.3
Denmark,2009,10.6
Denmark,2010,10.8
Denmark,2011,11.0
Denmark,2012,9.8
Denmark,2013,10.0
Denmark,2014,10.1
Denmark,2015,9.9
Denmark,2016,10.0
Denmark,2017,9.7
Denmark,2018,9.7
Denmark,2019,9.5
Denmark,2020,9.7
Denmark,2021,10.4
Finland,1960,2.7
Finland,1961,2.9
Finland,1962,3.0
Finland,1963,3.1
Finland,1964,3.1
Finland,1965,3.3
Finland,1966,3.5
Finland,1967,3.6
Finland,1968,3.9
Finland,1969,5.7
Finland,1970,5.8
Finland,1971,6.4
Finland,1972,6.8
Finland,1973,7.4
Finland,1974,8.4
Finland,1975,8.0
Finland,1976,8.1
Finland,1977,8.2
Finland,1978,7.9
Finland,1979,7.8
Finland,1980,7.9
Finland,1981,8.0
Finland,1982,7.9
Finland,1983,7.9
Finland,1984,8.1
Finland,1985,8.0
Finland,1986,8.5
Finland,1987,8.8
Finland,1988,9.0
Finland,1989,9.4
Finland,1990,9.5
Finland,1991,9.2
Finland,1992,8.9
Finland,1993,8.4
Finland,1994,8.2
Finland,1995,8.3
Finland,1996,8.2
Finland,1997,8.6
Finland,1998,8.6
Finland,1999,8.6
Finland,2000,8.6
Finland,2001,9.0
Finland,2002,9.2
Finland,2003,9.3
Finland,2004,9.9
Finland,2005,10.0
Finland,2006,10.1
Finland,2007,10.5
Finland,2008,10.3
Finland,2009,10.0
Finland,2010,9.7
Finland,2011,9.8
Finland,2012,9.3
Finland,2013,9.1
Finland,2014,8.8
Finland,2015,8.5
Finland,2016,8.4
Finland,2017,8.4
Finland,2018,8.4
Finland,2019,8.2
Finland,2020,8.2
Finland,2021,8.1
France,1970,23.2
France,1971,22.9
France,1972,22.6
France,1973,22.8
France,1974,22.5
France,1975,22.5
France,1976,22.2
France,1977,22.1
France,1978,21.1
France,1979,20.6
France,1980,20.1
France,1981,19.5
France,1982,19.4
France,1983,18.8
France,1984,17.9
France,1985,17.6
France,1986,17.1
France,1987,16.8
France,1988,16.8
France,1989,17.0
France,1990,15.4
France,1991,15.4
France,1992,15.4
France,1993,14.7
France,1994,14.6
France,1995,14.5
France,1996,14.5
France,1997,14.3
France,1998,14.5
France,1999,14.4
France,2000,13.9
France,2001,14.1
France,2002,13.9
France,2003,13.4
France,2004,13.1
France,2005,12.9
France,2006,13.1
France,2007,12.9
France,2008,12.5
France,2009,12.6
France,2010,12.3
France,2011,12.4
France,2012,12.2
France,2013,11.6
France,2014,12.0
France,2015,11.9
France,2016,11.7
France,2017,11.7
France,2018,11.6
France,2019,11.4
France,2020,10.4
France,2021,10.5
Germany,1961,11.0
Germany,1962,12.1
Germany,1963,12.9
Germany,1964,13.7
Germany,1965,14.0
Germany,1966,13.6
Germany,1967,13.5
Germany,1968,14.0
Germany,1969,15.0
Germany,1970,15.5
Germany,1971,16.5
Germany,1972,16.3
Germany,1973,16.7
Germany,1974,15.9
Germany,1975,16.8
Germany,1976,17.2
Germany,1977,16.4
Germany,1978,16.3
Germany,1979,16.7
Germany,1980,16.5
Germany,1981,16.0
Germany,1982,15.7
Germany,1983,15.8
Germany,1984,15.1
Germany,1985,15.1
Germany,1986,14.7
Germany,1987,14.8
Germany,1988,14.6
Germany,1989,14.6
Germany,1990,14.9
Germany,1991,13.9
Germany,1992,13.8
Germany,1993,13.5
Germany,1994,13.4
Germany,1995,13.4
Germany,1996,13.1
Germany,1997,13.0
Germany,1998,12.7
Germany,1999,12.8
Germany,2000,12.9
Germany,2001,12.5
Germany,2002,12.3
Germany,2003,11.9
Germany,2004,11.8
Germany,2005,11.7
Germany,2006,11.8
Germany,2007,11.5
Germany,2008,11.4
Germany,2009,11.2
Germany,2010,11.6
Germany,2011,11.3
Germany,2012,11.3
Germany,2013,11.1
Germany,2014,11.1
Germany,2015,11.1
Germany,2016,11.0
Germany,2017,10.9
Germany,2018,10.9
Germany,2019,10.6
Greece,1963,9.7
Greece,1964,9.8
Greece,1965,10.0
Greece,1966,10.1
Greece,1967,10.1
Greece,1968,10.2
Greece,1969,10.2
Greece,1970,10.3
Greece,1971,10.4
Greece,1972,10.4
Greece,1973,10.7
Greece,1974,10.9
Greece,1975,10.9
Greece,1976,11.0
Greece,1977,10.9
Greece,1978,11.4
Greece,1979,11.6
Greece,1980,13.2
Greece,1981,12.0
Greece,1982,11.0
Greece,1983,11.8
Greece,1984,11.6
Greece,1985,10.9
Greece,1986,8.9
Greece,1987,9.8
Greece,1988,10.1
Greece,1989,10.2
Greece,1990,10.3
Greece,1991,10.2
Greece,1992,10.0
Greece,1993,10.7
Greece,1994,10.4
Greece,1995,10.1
Greece,1996,9.7
Greece,1997,9.5
Greece,1998,9.0
Greece,1999,9.5
Greece,2000,8.6
Greece,2001,8.8
Greece,2002,8.2
Greece,2003,8.9
Greece,2004,9.1
Greece,2005,9.2
Greece,2006,8.7
Greece,2007,8.9
Greece,2008,8.7
Greece,2009,8.3
Greece,2010,8.3
Greece,2011,7.5
Greece,2012,7.6
Greece,2013,7.6
Greece,2014,7.1
Greece,2015,6.7
Greece,2016,6.7
Greece,2017,6.7
Greece,2018,6.5
Greece,2019,6.3
Hungary,1960,8.2
Hungary,1961,8.1
Hungary,1962,8.2
Hungary,1963,8.6
Hungary,1964,9.6
Hungary,1965,8.9
Hungary,1966,8.9
Hungary,1967,9.7
Hungary,1968,9.9
Hungary,1969,11.1
Hungary,1970,11.5
Hungary,1971,11.9
Hungary,1972,11.9
Hungary,1973,11.9
Hungary,1974,11.8
Hungary,1975,12.6
Hungary,1976,13.5
Hungary,1977,14.4
Hungary,1978,14.6
Hungary,1979,14.1
Hungary,1980,14.9
Hungary,1981,14.8
Hungary,1982,14.8
Hungary,1983,14.5
Hungary,1984,14.9
Hungary,1985,14.7
Hungary,1986,14.5
Hungary,1987,13.5
Hungary,1988,13.1
Hungary,1989,14.1
Hungary,1990,13.9
Hungary,1991,13.3
Hungary,1992,13.0
Hungary,1993,13.1
Hungary,1994,12.9
Hungary,1995,12.2
Hungary,1996,12.5
Hungary,1997,12.3
Hungary,1998,12.2
Hungary,1999,12.2
Hungary,2000,12.0
Hungary,2001,13.2
Hungary,2002,13.3
Hungary,2003,13.2
Hungary,2004,13.2
Hungary,2005,13.0
Hungary,2006,13.2
Hungary,2007,12.6
Hungary,2008,11.8
Hungary,2009,11.5
Hungary,2010,10.8
Hungary,2011,11.4
Hungary,2012,11.1
Hungary,2013,10.6
Hungary,2014,10.9
Hungary,2015,10.8
Hungary,2016,11.1
Hungary,2017,10.7
Hungary,2018,11.4
Hungary,2019,10.7
Hungary,2020,10.4
Hungary,2021,10.4
Iceland,1961,3.0
Iceland,1962,3.4
Iceland,1963,3.6
Iceland,1964,3.6
Iceland,1965,3.8
Iceland,1966,4.2
Iceland,1967,4.4
Iceland,1968,3.9
Iceland,1969,3.9
Iceland,1970,4.6
Iceland,1971,4.9
Iceland,1972,5.0
Iceland,1973,5.2
Iceland,1974,5.3
Iceland,1975,4.8
Iceland,1976,4.8
Iceland,1977,5.1
Iceland,1978,4.8
Iceland,1979,5.1
Iceland,1980,5.0
Iceland,1981,5.1
Iceland,1982,4.9
Iceland,1983,5.1
Iceland,1984,5.4
Iceland,1985,5.3
Iceland,1986,5.5
Iceland,1987,5.6
Iceland,1988,5.5
Iceland,1989,5.4
Iceland,1990,5.1
Iceland,1991,5.0
Iceland,1992,4.6
Iceland,1993,4.4
Iceland,1994,4.6
Iceland,1995,4.7
Iceland,1996,4.8
Iceland,1997,5.1
Iceland,1998,5.5
Iceland,1999,5.9
Iceland,2000,6.2
Iceland,2001,6.4
Iceland,2002,6.6
Iceland,2003,6.6
Iceland,2004,6.8
Iceland,2005,7.1
Iceland,2006,7.2
Iceland,2007,7.5
Iceland,2008,7.2
Iceland,2009,7.2
Iceland,2010,6.8
Iceland,2011,6.8
Iceland,2012,6.8
Iceland,2013,6.8
Iceland,2014,7.0
Iceland,2015,7.7
Iceland,2016,7.5
Iceland,2017,7.7
Iceland,2018,7.7
Iceland,2019,7.4
Iceland,2020,7.4
Ireland,1960,4.9
Ireland,1961,5.0
Ireland,1962,5.5
Ireland,1963,5.2
Ireland,1964,5.6
Ireland,1965,5.8
Ireland,1966,5.9
Ireland,1967,5.9
Ireland,1968,6.1
Ireland,1969,6.5
Ireland,1970,7.0
Ireland,1971,7.3
Ireland,1972,7.7
Ireland,1973,8.2
Ireland,1974,9.3
Ireland,1975,9.2
Ireland,1976,9.0
Ireland,1977,9.2
Ireland,1978,9.8
Ireland,1979,10.0
Ireland,1980,9.6
Ireland,1981,9.1
Ireland,1982,8.8
Ireland,1983,8.0
Ireland,1984,9.6
Ireland,1985,10.0
Ireland,1986,9.6
Ireland,1987,9.5
Ireland,1988,9.9
Ireland,1989,10.2
Ireland,1990,11.2
Ireland,1991,11.2
Ireland,1992,11.4
Ireland,1993,11.2
Ireland,1994,11.2
Ireland,1995,11.5
Ireland,1996,12.2
Ireland,1997,12.8
Ireland,1998,13.2
Ireland,1999,13.8
Ireland,2000,14.2
Ireland,2001,14.5
Ireland,2002,14.3
Ireland,2003,13.5
Ireland,2004,13.6
Ireland,2005,13.4
Ireland,2006,13.4
Ireland,2007,13.2
Ireland,2008,12.2
Ireland,2009,11.0
Ireland,2010,11.6
Ireland,2011,11.7
Ireland,2012,11.5
Ireland,2013,10.6
Ireland,2014,10.8
Ireland,2015,10.7
Ireland,2016,11.2
Ireland,2017,11.0
Ireland,2018,11.0
Ireland,2019,10.8
Ireland,2020,10.1
Ireland,2021,9.5
Ireland,2022,10.2
Italy,1961,19.2
Italy,1962,19.4
Italy,1963,18.2
Italy,1964,17.8
Italy,1965,18.4
Italy,1966,18.7
Italy,1967,19.0
Italy,1968,19.7
Italy,1969,19.7
Italy,1970,19.7
Italy,1971,19.6
Italy,1972,19.5
Italy,1973,19.9
Italy,1974,19.7
Italy,1975,18.3
Italy,1976,17.6
Italy,1977,17.0
Italy,1978,16.5
Italy,1979,16.5
Italy,1980,16.7
Italy,1981,15.1
Italy,1982,14.5
Italy,1983,14.6
Italy,1984,14.1
Italy,1985,13.2
Italy,1986,12.4
Italy,1987,11.8
Italy,1988,11.4
Italy,1989,11.0
Italy,1990,11.0
Italy,1991,10.8
Italy,1992,10.6
Italy,1993,10.3
Italy,1994,10.1
Italy,1995,9.6
Italy,1996,9.1
Italy,1997,9.1
Italy,1998,9.0
Italy,1999,8.9
Italy,2000,9.8
Italy,2001,9.7
Italy,2002,9.3
Italy,2003,9.3
Italy,2004,9.0
Italy,2005,8.7
Italy,2006,8.4
Italy,2007,8.4
Italy,2008,8.0
Italy,2009,7.3
Italy,2010,7.0
Italy,2011,7.0
Italy,2012,7.5
Italy,2013,7.4
Italy,2014,7.6
Italy,2015,7.1
Italy,2016,7.1
Italy,2017,7.4
Italy,2018,7.8
Italy,2019,7.7
Luxembourg,1961,18.5
Luxembourg,1962,18.3
Luxembourg,1963,18.7
Luxembourg,1964,18.8
Luxembourg,1965,18.7
Luxembourg,1966,18.5
Luxembourg,1967,18.3
Luxembourg,1968,18.3
Luxembourg,1969,18.6
Luxembourg,1970,18.7
Luxembourg,1971,19.0
Luxembourg,1972,18.7
Luxembourg,1973,19.1
Luxembourg,1974,18.5
Luxembourg,1975,19.0
Luxembourg,1976,19.0
Luxembourg,1977,18.6
Luxembourg,1978,18.1
Luxembourg,1979,18.0
Luxembourg,1980,17.7
Luxembourg,1981,17.2
Luxembourg,1982,17.0
Luxembourg,1983,16.7
Luxembourg,1984,16.0
Luxembourg,1985,15.9
Luxembourg,1986,15.4
Luxembourg,1987,15.4
Luxembourg,1988,15.2
Luxembourg,1989,15.3
Luxembourg,1990,15.3
Luxembourg,1991,14.4
Luxembourg,1992,14.3
Luxembourg,1993,13.9
Luxembourg,1994,13.7
Luxembourg,1995,13.7
Luxembourg,1996,13.4
Luxembourg,1997,13.2
Luxembourg,1998,13.0
Luxembourg,1999,13.0
Luxembourg,2000,13.4
Luxembourg,2001,13.3
Luxembourg,2002,13.1
Luxembourg,2003,12.7
Luxembourg,2004,12.5
Luxembourg,2005,12.3
Luxembourg,2006,12.4
Luxembourg,2007,12.2
Luxembourg,2008,12.0
Luxembourg,2009,11.9
Luxembourg,2010,11.9
Luxembourg,2011,11.8
Luxembourg,2012,11.8
Luxembourg,2013,11.4
Luxembourg,2014,11.6
Luxembourg,2015,11.5
Luxembourg,2016,11.4
Luxembourg,2017,11.3
Luxembourg,2018,11.1
Luxembourg,2019,11.0
Netherlands,1960,3.7
Netherlands,1961,3.7
Netherlands,1962,4.3
Netherlands,1963,4.8
Netherlands,1964,5.0
Netherlands,1965,5.9
Netherlands,1966,5.4
Netherlands,1967,6.2
Netherlands,1968,6.5
Netherlands,1969,7.2
Netherlands,1970,7.8
Netherlands,1971,8.5
Netherlands,1972,9.3
Netherlands,1973,10.3
Netherlands,1974,10.8
Netherlands,1975,11.9
Netherlands,1976,11.2
Netherlands,1977,11.7
Netherlands,1978,11.9
Netherlands,1979,12.2
Netherlands,1980,11.5
Netherlands,1981,11.3
Netherlands,1982,11.0
Netherlands,1983,11.2
Netherlands,1984,10.8
Netherlands,1985,10.6
Netherlands,1986,10.6
Netherlands,1987,10.2
Netherlands,1988,10.2
Netherlands,1989,10.0
Netherlands,1990,9.9
Netherlands,1991,10.0
Netherlands,1992,10.0
Netherlands,1993,9.7
Netherlands,1994,9.7
Netherlands,1995,9.8
Netherlands,1996,9.9
Netherlands,1997,10.1
Netherlands,1998,9.9
Netherlands,1999,10.1
Netherlands,2000,10.1
Netherlands,2001,10.0
Netherlands,2002,9.8
Netherlands,2003,9.7
Netherlands,2004,9.6
Netherlands,2005,9.6
Netherlands,2006,9.6
Netherlands,2007,9.6
Netherlands,2008,9.7
Netherlands,2009,9.4
Netherlands,2010,9.1
Netherlands,2011,9.0
Netherlands,2012,9.1
Netherlands,2013,8.7
Netherlands,2014,8.4
Netherlands,2015,8.3
Netherlands,2016,8.2
Netherlands,2017,8.3
Netherlands,2018,8.3
Netherlands,2019,8.2
Netherlands,2020,7.8
Netherlands,2021,8.1
Norway,1960,3.4
Norway,1961,3.5
Norway,1962,3.5
Norway,1963,3.6
Norway,1964,3.5
Norway,1965,3.7
Norway,1966,3.8
Norway,1967,4.0
Norway,1968,4.3
Norway,1969,4.4
Norway,1970,4.7
Norway,1971,4.9
Norway,1972,5.0
Norway,1973,5.1
Norway,1974,5.5
Norway,1975,5.5
Norway,1976,5.7
Norway,1977,5.7
Norway,1978,5.2
Norway,1979,5.6
Norway,1980,6.0
Norway,1981,5.3
Norway,1982,4.8
Norway,1983,4.9
Norway,1984,5.0
Norway,1985,5.2
Norway,1986,5.3
Norway,1987,5.4
Norway,1988,5.3
Norway,1989,5.1
Norway,1990,5.0
Norway,1991,4.9
Norway,1992,4.7
Norway,1993,4.6
Norway,1994,4.7
Norway,1995,4.8
Norway,1996,5.0
Norway,1997,5.3
Norway,1998,5.2
Norway,1999,5.5
Norway,2000,5.7
Norway,2001,5.5
Norway,2002,5.9
Norway,2003,6.0
Norway,2004,6.2
Norway,2005,6.4
Norway,2006,6.5
Norway,2007,6.6
Norway,2008,6.8
Norway,2009,6.7
Norway,2010,6.6
Norway,2011,6.4
Norway,2012,6.2
Norway,2013,6.2
Norway,2014,6.1
Norway,2015,6.0
Norway,2016,6.0
Norway,2017,6.0
Norway,2018,6.0
Norway,2019,6.1
Norway,2020,7.2
Norway,2021,7.4
Norway,2022,6.6
Poland,1961,6.3
Poland,1962,6.1
Poland,1963,6.2
Poland,1964,6.2
Poland,1965,6.4
Poland,1966,6.6
Poland,1967,6.9
Poland,1968,7.4
Poland,1969,7.7
Poland,1970,7.6
Poland,1971,8.0
Poland,1972,8.6
Poland,1973,9.2
Poland,1974,8.7
Poland,1975,9.6
Poland,1976,10.8
Poland,1977,11.3
Poland,1978,10.9
Poland,1979,10.9
Poland,1980,11.5
Poland,1981,8.7
Poland,1982,8.5
Poland,1983,8.6
Poland,1984,8.7
Poland,1985,9.4
Poland,1986,9.7
Poland,1987,9.7
Poland,1988,9.5
Poland,1989,9.2
Poland,1990,8.3
Poland,1991,8.8
Poland,1992,8.3
Poland,1993,8.4
Poland,1994,8.3
Poland,1995,8.1
Poland,1996,8.1
Poland,1997,8.6
Poland,1998,8.4
Poland,1999,8.3
Poland,2000,8.4
Poland,2001,7.8
Poland,2002,8.1
Poland,2003,9.1
Poland,2004,9.2
Poland,2005,9.1
Poland,2006,9.9
Poland,2007,10.3
Poland,2008,10.8
Poland,2009,10.2
Poland,2010,10.0
Poland,2011,10.3
Poland,2012,10.2
Poland,2013,10.8
Poland,2014,10.5
Poland,2015,10.5
Poland,2016,10.5
Poland,2017,10.6
Poland,2018,10.7
Poland,2019,11.0
Poland,2020,10.9
Poland,2021,11.0
Portugal,1961,15.0
Portugal,1962,15.2
Portugal,1963,18.5
Portugal,1964,19.4
Portugal,1965,19.5
Portugal,1966,16.9
Portugal,1967,17.0
Portugal,1968,18.3
Portugal,1969,14.0
Portugal,1970,19.9
Portugal,1971,16.0
Portugal,1972,16.2
Portugal,1973,19.1
Portugal,1974,18.3
Portugal,1975,19.6
Portugal,1976,16.9
Portugal,1977,13.7
Portugal,1978,14.0
Portugal,1979,14.2
Portugal,1980,14.9
Portugal,1981,15.4
Portugal,1982,17.0
Portugal,1983,15.9
Portugal,1984,16.4
Portugal,1985,13.9
Portugal,1986,13.5
Portugal,1987,12.4
Portugal,1988,12.9
Portugal,1989,14.6
Portugal,1990,14.4
Portugal,1991,14.0
Portugal,1992,13.6
Portugal,1993,13.4
Portugal,1994,13.3
Portugal,1995,12.8
Portugal,1996,12.1
Portugal,1997,11.8
Portugal,1998,11.7
Portugal,1999,13.2
Portugal,2000,12.8
Portugal,2001,12.6
Portugal,2002,12.5
Portugal,2003,12.2
Portugal,2004,12.3
Portugal,2005,12.0
Portugal,2006,11.8
Portugal,2007,11.5
Portugal,2008,11.5
Portugal,2009,11.5
Portugal,2010,11.3
Portugal,2011,10.9
Portugal,2012,9.8
Portugal,2013,9.5
Portugal,2014,10.2
Portugal,2015,10.3
Portugal,2016,10.4
Portugal,2017,10.4
Portugal,2018,10.4
Portugal,2019,10.4
Slovakia,1960,6.9
Slovakia,1961,7.1
Slovakia,1962,7.4
Slovakia,1963,8.1
Slovakia,1964,9.3
Slovakia,1965,10.5
Slovakia,1966,11.1
Slovakia,1967,11.6
Slovakia,1968,11.8
Slovakia,1969,12.2
Slovakia,1970,12.8
Slovakia,1971,13.6
Slovakia,1972,13.8
Slovakia,1973,13.7
Slovakia,1974,13.8
Slovakia,1975,14.3
Slovakia,1976,14.1
Slovakia,1977,14.9
Slovakia,1978,14.9
Slovakia,1979,14.1
Slovakia,1980,14.5
Slovakia,1981,14.5
Slovakia,1982,14.7
Slovakia,1983,14.2
Slovakia,1984,13.9
Slovakia,1985,13.9
Slovakia,1986,13.2
Slovakia,1987,13.3
Slovakia,1988,12.9
Slovakia,1989,13.0
Slovakia,1990,13.4
Slovakia,1991,13.7
Slovakia,1992,12.7
Slovakia,1993,12.1
Slovakia,1994,10.6
Slovakia,1995,10.3
Slovakia,1996,10.7
Slovakia,1997,10.8
Slovakia,1998,10.0
Slovakia,1999,10.0
Slovakia,2000,11.0
Slovakia,2001,10.8
Slovakia,2002,10.8
Slovakia,2003,9.9
Slovakia,2004,10.1
Slovakia,2005,11.0
Slovakia,2006,10.6
Slovakia,2007,10.7
Slovakia,2008,11.2
Slovakia,2009,10.7
Slovakia,2010,10.1
Slovakia,2011,10.2
Slovakia,2012,10.1
Slovakia,2013,9.9
Slovakia,2014,10.1
Slovakia,2015,10.2
Slovakia,2016,9.9
Slovakia,2017,9.7
Slovakia,2018,10.1
Slovakia,2019,10.3
Slovakia,2020,10.2
Slovakia,2021,9.6
Spain,1962,14.6
Spain,1963,13.6
Spain,1964,13.9
Spain,1965,14.6
Spain,1966,16.0
Spain,1967,14.5
Spain,1968,14.9
Spain,1969,15.2
Spain,1970,15.3
Spain,1971,15.1
Spain,1972,16.3
Spain,1973,18.0
Spain,1974,18.4
Spain,1975,18.5
Spain,1976,17.9
Spain,1977,17.1
Spain,1978,18.3
Spain,1979,17.7
Spain,1980,17.7
Spain,1981,16.8
Spain,1982,16.2
Spain,1983,16.2
Spain,1984,14.5
Spain,1985,14.5
Spain,1986,14.4
Spain,1987,14.4
Spain,1988,13.5
Spain,1989,13.3
Spain,1990,12.9
Spain,1991,12.8
Spain,1992,12.1
Spain,1993,11.6
Spain,1994,11.3
Spain,1995,11.0
Spain,1996,10.8
Spain,1997,11.6
Spain,1998,11.5
Spain,1999,11.3
Spain,2000,11.8
Spain,2001,12.4
Spain,2002,10.7
Spain,2003,11.4
Spain,2004,11.7
Spain,2005,11.9
Spain,2006,11.9
Spain,2007,11.1
Spain,2008,10.2
Spain,2009,10.0
Spain,2010,9.8
Spain,2011,9.6
Spain,2012,9.4
Spain,2013,9.2
Spain,2014,9.5
Spain,2015,10.4
Spain,2016,10.9
Spain,2017,10.9
Spain,2018,10.4
Spain,2019,10.7
Spain,2020,8.7
Spain,2021,10.5
Sweden,1960,4.8
Sweden,1961,5.1
Sweden,1962,5.1
Sweden,1963,5.1
Sweden,1964,5.4
Sweden,1965,5.7
Sweden,1966,6.0
Sweden,1967,6.3
Sweden,1968,6.6
Sweden,1969,7.0
Sweden,1970,7.2
Sweden,1971,7.0
Sweden,1972,7.3
Sweden,1973,7.0
Sweden,1974,7.4
Sweden,1975,7.6
Sweden,1976,7.7
Sweden,1977,7.3
Sweden,1978,7.0
Sweden,1979,7.1
Sweden,1980,6.7
Sweden,1981,6.3
Sweden,1982,6.4
Sweden,1983,6.1
Sweden,1984,6.0
Sweden,1985,6.1
Sweden,1986,6.3
Sweden,1987,6.2
Sweden,1988,6.4
Sweden,1989,6.5
Sweden,1990,6.4
Sweden,1991,6.3
Sweden,1992,6.3
Sweden,1993,6.2
Sweden,1994,6.3
Sweden,1995,6.2
Sweden,1996,6.0
Sweden,1997,5.9
Sweden,1998,5.8
Sweden,1999,6.1
Sweden,2000,6.2
Sweden,2001,6.5
Sweden,2002,6.9
Sweden,2003,6.9
Sweden,2004,6.5
Sweden,2005,6.5
Sweden,2006,6.8
Sweden,2007,7.0
Sweden,2008,7.0
Sweden,2009,7.3
Sweden,2010,7.4
Sweden,2011,7.3
Sweden,2012,7.2
Sweden,2013,7.3
Sweden,2014,7.2
Sweden,2015,7.1
Sweden,2016,7.2
Sweden,2017,7.0
Sweden,2018,7.2
Sweden,2019,7.1
Sweden,2020,7.5
Sweden,2021,7.6
Switzerland,1960,12.1
Switzerland,1961,12.7
Switzerland,1962,12.9
Switzerland,1963,13.1
Switzerland,1964,13.8
Switzerland,1965,13.7
Switzerland,1966,13.6
Switzerland,1967,13.6
Switzerland,1968,13.6
Switzerland,1969,14.0
Switzerland,1970,14.2
Switzerland,1971,14.2
Switzerland,1972,14.5
Switzerland,1973,15.0
Switzerland,1974,14.6
Switzerland,1975,13.7
Switzerland,1976,13.3
Switzerland,1977,13.3
Switzerland,1978,13.4
Switzerland,1979,13.3
Switzerland,1980,13.5
Switzerland,1981,13.7
Switzerland,1982,14.0
Switzerland,1983,13.6
Switzerland,1984,13.5
Switzerland,1985,13.5
Switzerland,1986,13.2
Switzerland,1987,13.2
Switzerland,1988,13.2
Switzerland,1989,13.1
Switzerland,1990,12.9
Switzerland,1991,12.9
Switzerland,1992,12.3
Switzerland,1993,12.1
Switzerland,1994,11.8
Switzerland,1995,11.4
Switzerland,1996,11.3
Switzerland,1997,11.2
Switzerland,1998,11.1
Switzerland,1999,11.1
Switzerland,2000,11.2
Switzerland,2001,10.6
Switzerland,2002,10.3
Switzerland,2003,10.3
Switzerland,2004,10.1
Switzerland,2005,9.7
Switzerland,2006,9.7
Switzerland,2007,9.9
Switzerland,2008,9.9
Switzerland,2009,9.6
Switzerland,2010,9.7
Switzerland,2011,9.5
Switzerland,2012,9.3
Switzerland,2013,9.3
Switzerland,2014,9.1
Switzerland,2015,8.9
Switzerland,2016,8.7
Switzerland,2017,8.6
Switzerland,2018,8.5
Switzerland,2019,8.7
Switzerland,2020,8.5
Switzerland,2021,8.5
Turkey,1960,0.9
Turkey,1961,0.9
Turkey,1962,1.0
Turkey,1963,0.8
Turkey,1964,0.9
Turkey,1965,0.9
Turkey,1966,1.0
Turkey,1967,1.1
Turkey,1968,1.3
Turkey,1969,1.1
Turkey,1970,1.1
Turkey,1971,1.2
Turkey,1972,1.3
Turkey,1973,1.6
Turkey,1974,1.8
Turkey,1975,1.8
Turkey,1976,2.0
Turkey,1977,2.0
Turkey,1978,2.0
Turkey,1979,2.0
Turkey,1980,1.8
Turkey,1981,1.6
Turkey,1982,1.2
Turkey,1983,1.6
Turkey,1984,1.7
Turkey,1985,1.7
Turkey,1986,1.8
Turkey,1987,1.3
Turkey,1988,1.3
Turkey,1989,1.4
Turkey,1990,1.4
Turkey,1991,1.4
Turkey,1992,1.5
Turkey,1993,1.6
Turkey,1994,1.6
Turkey,1995,1.7
Turkey,1996,1.6
Turkey,1997,1.6
Turkey,1998,1.6
Turkey,1999,1.6
Turkey,2000,1.5
Turkey,2001,1.4
Turkey,2002,1.4
Turkey,2003,1.5
Turkey,2004,1.4
Turkey,2005,1.3
Turkey,2006,1.2
Turkey,2007,1.3
Turkey,2008,1.5
Turkey,2009,1.5
Turkey,2010,1.5
Turkey,2011,1.5
Turkey,2012,1.6
Turkey,2013,1.4
Turkey,2014,1.5
Turkey,2015,1.4
Turkey,2016,1.3
Turkey,2017,1.4
Turkey,2018,1.4
Turkey,2019,1.3
Turkey,2020,1.2
Turkey,2021,1.4
United Kingdom,1961,7.1
United Kingdom,1962,7.1
United Kingdom,1963,7.2
United Kingdom,1964,7.5
United Kingdom,1965,7.4
United Kingdom,1966,7.6
United Kingdom,1967,7.7
United Kingdom,1968,7.9
United Kingdom,1969,8.1
United Kingdom,1970,7.1
United Kingdom,1971,7.4
United Kingdom,1972,7.8
United Kingdom,1973,8.7
United Kingdom,1974,9.1
United Kingdom,1975,9.0
United Kingdom,1976,9.3
United Kingdom,1977,8.8
United Kingdom,1978,9.4
United Kingdom,1979,9.8
United Kingdom,1980,9.4
United Kingdom,1981,9.1
United Kingdom,1982,8.8
United Kingdom,1983,9.1
United Kingdom,1984,9.2
United Kingdom,1985,9.3
United Kingdom,1986,9.3
United Kingdom,1987,9.5
United Kingdom,1988,9.8
United Kingdom,1989,9.8
United Kingdom,1990,9.8
United Kingdom,1991,9.4
United Kingdom,1992,9.3
United Kingdom,1993,9.3
United Kingdom,1994,9.6
United Kingdom,1995,9.3
United Kingdom,1996,9.8
United Kingdom,1997,10.0
United Kingdom,1998,9.8
United Kingdom,1999,10.3
United Kingdom,2000,10.4
United Kingdom,2001,10.8
United Kingdom,2002,11.1
United Kingdom,2003,11.3
United Kingdom,2004,11.6
United Kingdom,2005,11.4
United Kingdom,2006,11.0
United Kingdom,2007,11.1
United Kingdom,2008,10.8
United Kingdom,2009,10.1
United Kingdom,2010,10.1
United Kingdom,2011,9.9
United Kingdom,2012,9.6
United Kingdom,2013,9.4
United Kingdom,2014,9.4
United Kingdom,2015,9.5
United Kingdom,2016,9.5
United Kingdom,2017,9.7
United Kingdom,2018,9.8
United Kingdom,2019,9.7
United Kingdom,2020,9.7
United Kingdom,2021,10.0
Estonia,1990,9.8
Estonia,1991,9.1
Estonia,1992,7.8
Estonia,1993,8.1
Estonia,1994,8.2
Estonia,1995,8.3
Estonia,1996,8.0
Estonia,1997,8.3
Estonia,1998,8.0
Estonia,1999,8.9
Estonia,2000,9.0
Estonia,2001,10.1
Estonia,2002,12.0
Estonia,2003,11.8
Estonia,2004,11.5
Estonia,2005,13.0
Estonia,2006,13.4
Estonia,2007,14.8
Estonia,2008,14.2
Estonia,2009,11.9
Estonia,2010,11.4
Estonia,2011,12.0
Estonia,2012,12.1
Estonia,2013,11.9
Estonia,2014,11.1
Estonia,2015,10.6
Estonia,2016,10.2
Estonia,2017,10.3
Estonia,2018,10.0
Estonia,2019,10.4
Estonia,2020,10.8
Estonia,2021,11.1
Israel,1961,4.4
Israel,1962,4.8
Israel,1963,4.1
Israel,1964,5.1
Israel,1965,4.9
Israel,1966,4.4
Israel,1967,4.5
Israel,1968,4.5
Israel,1969,4.9
Israel,1970,4.6
Israel,1971,4.7
Israel,1972,4.9
Israel,1973,4.9
Israel,1974,4.7
Israel,1975,5.1
Israel,1976,5.0
Israel,1977,3.9
Israel,1978,3.5
Israel,1979,3.1
Israel,1980,2.9
Israel,1981,2.8
Israel,1982,2.7
Israel,1983,2.8
Israel,1984,2.7
Israel,1985,2.7
Israel,1986,2.3
Israel,1987,2.3
Israel,1988,2.2
Israel,1989,2.0
Israel,1990,1.8
Israel,1991,1.7
Israel,1992,1.8
Israel,1993,2.2
Israel,1994,1.7
Israel,1995,1.5
Israel,1996,1.6
Israel,1997,2.0
Israel,1998,2.1
Israel,1999,2.0
Israel,2000,2.6
Israel,2001,2.8
Israel,2002,2.8
Israel,2003,2.6
Israel,2004,2.4
Israel,2005,2.5
Israel,2006,2.3
Israel,2007,2.5
Israel,2008,2.6
Israel,2009,2.7
Israel,2010,2.8
Israel,2011,2.8
Israel,2012,2.9
Israel,2013,2.9
Israel,2014,2.7
Israel,2015,2.7
Israel,2016,2.7
Israel,2017,2.9
Israel,2018,3.0
Israel,2019,3.1
Russia,1990,16.5
Russia,1991,16.1
Russia,1992,18.5
Russia,1993,21.7
Russia,1994,23.6
Russia,1995,21.0
Russia,1996,19.2
Russia,1997,17.5
Russia,1998,16.9
Russia,1999,17.5
Russia,2000,18.8
Russia,2001,19.4
Russia,2002,19.8
Russia,2003,19.8
Russia,2004,19.3
Russia,2008,18.4
Russia,2009,16.1
Russia,2010,15.8
Russia,2011,15.4
Russia,2012,14.8
Russia,2013,14.1
Russia,2014,14.0
Russia,2015,13.3
Russia,2016,13.0
Russia,2017,11.1
Russia,2018,11.1
Russia,2019,10.8
Slovenia,1981,16.9
Slovenia,1982,19.5
Slovenia,1983,17.3
Slovenia,1984,17.2
Slovenia,1985,15.1
Slovenia,1986,18.1
Slovenia,1987,16.6
Slovenia,1988,15.0
Slovenia,1989,13.0
Slovenia,1990,13.8
Slovenia,1991,13.2
Slovenia,1992,13.6
Slovenia,1993,14.3
Slovenia,1994,13.4
Slovenia,1995,13.4
Slovenia,1996,12.0
Slovenia,1997,11.2
Slovenia,1998,8.3
Slovenia,1999,10.6
Slovenia,2000,11.2
Slovenia,2001,13.0
Slovenia,2002,11.6
Slovenia,2003,11.2
Slovenia,2004,13.5
Slovenia,2005,10.3
Slovenia,2006,12.2
Slovenia,2007,11.0
Slovenia,2008,11.0
Slovenia,2009,10.5
Slovenia,2010,10.3
Slovenia,2011,10.6
Slovenia,2012,11.0
Slovenia,2013,9.5
Slovenia,2014,10.9
Slovenia,2015,11.5
Slovenia,2016,10.5
Slovenia,2017,10.1
Slovenia,2018,10.0
Slovenia,2019,11.1
Slovenia,2020,9.8
Slovenia,2021,10.6
Latvia,1980,13.0
Latvia,1981,12.8
Latvia,1982,12.4
Latvia,1983,12.3
Latvia,1984,12.4
Latvia,1985,10.9
Latvia,1986,7.8
Latvia,1987,5.8
Latvia,1988,6.3
Latvia,1989,7.5
Latvia,1990,6.7
Latvia,1991,6.7
Latvia,1992,6.9
Latvia,1993,8.0
Latvia,1994,9.6
Latvia,1995,9.1
Latvia,1996,8.4
Latvia,1997,8.4
Latvia,1998,8.9
Latvia,1999,8.8
Latvia,2000,7.1
Latvia,2001,6.7
Latvia,2002,7.4
Latvia,2003,8.2
Latvia,2004,8.8
Latvia,2005,9.9
Latvia,2006,10.4
Latvia,2007,12.1
Latvia,2008,11.8
Latvia,2009,9.9
Latvia,2010,9.8
Latvia,2011,10.1
Latvia,2012,10.2
Latvia,2013,10.4
Latvia,2014,10.6
Latvia,2015,10.8
Latvia,2016,11.3
Latvia,2017,10.9
Latvia,2018,11.0
Latvia,2019,11.6
Latvia,2020,12.1
Latvia,2021,12.2
Lithuania,1995,7.9
Lithuania,1996,7.9
Lithuania,1997,8.7
Lithuania,1998,8.0
Lithuania,1999,8.6
Lithuania,2000,9.7
Lithuania,2001,10.5
Lithuania,2002,11.1
Lithuania,2003,11.3
Lithuania,2004,12.2
Lithuania,2005,12.5
Lithuania,2006,13.2
Lithuania,2007,13.9
Lithuania,2008,13.9
Lithuania,2009,13.1
Lithuania,2010,13.5
Lithuania,2011,14.7
Lithuania,2012,14.7
Lithuania,2013,14.5
Lithuania,2014,14.2
Lithuania,2015,14.0
Lithuania,2016,13.2
Lithuania,2017,12.3
Lithuania,2018,11.2
Lithuania,2019,11.1
Lithuania,2020,11.4
Lithuania,2021,12.1
Bulgaria,1963,7.3
Bulgaria,1964,6.5
Bulgaria,1965,7.3
Bulgaria,1966,7.3
Bulgaria,1967,7.8
Bulgaria,1968,9.0
Bulgaria,1969,8.7
Bulgaria,1970,8.4
Bulgaria,1971,8.9
Bulgaria,1972,9.2
Bulgaria,1973,10.1
Bulgaria,1974,10.2
Bulgaria,1975,10.2
Bulgaria,1976,10.9
Bulgaria,1977,10.5
Bulgaria,1978,11.3
Bulgaria,1979,10.9
Bulgaria,1980,10.8
Bulgaria,1981,11.3
Bulgaria,1982,11.2
Bulgaria,1983,11.0
Bulgaria,1984,11.4
Bulgaria,1985,10.9
Bulgaria,1986,11.5
Bulgaria,1987,10.9
Bulgaria,1988,11.2
Bulgaria,1989,11.4
Bulgaria,1990,11.5
Bulgaria,1991,9.5
Bulgaria,1992,10.2
Bulgaria,1993,9.9
Bulgaria,1994,9.7
Bulgaria,1995,9.5
Bulgaria,1996,9.2
Bulgaria,1997,8.1
Bulgaria,1998,7.9
Bulgaria,1999,7.7
Bulgaria,2000,10.3
Bulgaria,2001,11.1
Bulgaria,2002,10.8
Bulgaria,2003,10.9
Bulgaria,2004,10.7
Bulgaria,2005,10.2
Bulgaria,2006,10.2
Bulgaria,2007,10.7
Bulgaria,2008,10.7
Bulgaria,2009,10.5
Bulgaria,2010,9.8
Bulgaria,2011,9.9
Bulgaria,2012,10.9
Bulgaria,2013,10.3
Bulgaria,2014,10.3
Bulgaria,2015,10.9
Bulgaria,2016,11.1
Bulgaria,2017,10.9
Bulgaria,2018,11.5
Bulgaria,2019,11.2
Croatia,1987,13.5
Croatia,1988,11.1
Croatia,1989,10.9
Croatia,1990,15.9
Croatia,1991,13.7
Croatia,1992,11.5
Croatia,1993,11.3
Croatia,1994,11.6
Croatia,1995,10.9
Croatia,1996,11.1
Croatia,1997,13.2
Croatia,1998,13.8
Croatia,1999,12.2
Croatia,2000,13.2
Croatia,2001,13.7
Croatia,2002,13.9
Croatia,2003,13.0
Croatia,2004,12.4
Croatia,2005,10.7
Croatia,2006,11.0
Croatia,2007,11.4
Croatia,2008,11.4
Croatia,2009,11.1
Croatia,2010,10.7
Croatia,2011,11.0
Croatia,2012,10.6
Croatia,2013,10.4
Croatia,2014,9.5
Croatia,2015,9.6
Croatia,2016,10.0
Croatia,2017,9.7
Croatia,2018,9.6
Croatia,2019,9.6
Romania,1961,5.7
Romania,1962,6.9
Romania,1963,7.0
Romania,1964,7.0
Romania,1965,7.2
Romania,1966,7.3
Romania,1967,7.1
Romania,1968,7.7
Romania,1969,8.0
Romania,1970,8.6
Romania,1971,8.8
Romania,1972,9.0
Romania,1973,10.2
Romania,1974,10.3
Romania,1975,9.7
Romania,1976,9.4
Romania,1977,9.6
Romania,1978,10.5
Romania,1979,11.4
Romania,1980,10.9
Romania,1981,10.5
Romania,1982,10.3
Romania,1983,10.2
Romania,1984,10.1
Romania,1985,10.1
Romania,1986,10.3
Romania,1987,10.3
Romania,1988,10.4
Romania,1989,8.7
Romania,1990,8.9
Romania,1991,8.9
Romania,1992,8.8
Romania,1993,9.0
Romania,1994,7.8
Romania,1995,8.2
Romania,1996,8.1
Romania,1997,8.7
Romania,1998,7.3
Romania,1999,7.7
Romania,2000,9.0
Romania,2001,12.1
Romania,2002,13.2
Romania,2003,11.6
Romania,2004,11.8
Romania,2005,9.6
Romania,2006,9.9
Romania,2007,11.1
Romania,2008,12.4
Romania,2009,11.0
Romania,2010,10.0
Romania,2011,9.6
Romania,2012,9.7
Romania,2013,9.7
Romania,2014,9.5
Romania,2015,9.5
Romania,2016,9.6
Romania,2017,10.1
Romania,2018,11.0
Romania,2019,11.0
