TIME,LOCATION,VALUE
1960,Australia,9.3
1960,Austria,8.8
1960,Canada,7.0
1960,Denmark,6.0
1960,Finland,2.7
1960,Hungary,8.2
1960,Ireland,4.9
1960,Netherlands,3.7
1960,New Zealand,7.9
1960,Norway,3.4
1960,Slovakia,6.9
1960,Sweden,4.8
1960,Switzerland,12.1
1960,Turkey,0.9
1960,United States of America,7.8
1961,Australia,9.4
1961,Austria,9.4
1961,Canada,7.1
1961,Finland,2.9
1961,Germany,11.0
1961,Hungary,8.1
1961,Iceland,3.0
1961,Ireland,5.0
1961,Italy,19.2
1961,South Korea,6.0
1961,Luxembourg,18.5
1961,Mexico,2.8
1961,Netherlands,3.7
1961,Norway,3.5
1961,Poland,6.3
1961,Portugal,15.0
1961,Slovakia,7.1
1961,Sweden,5.1
1961,Switzerland,12.7
1961,Turkey,0.9
1961,United Kingdom,7.1
1961,United States of America,7.8
1961,China,0.5
1961,India,0.7
1961,Indonesia,0.0
1961,Israel,4.4
1961,South Africa,7.4
1961,Colombia,4.5
1961,Costa Rica,3.2
1961,Argentina,16.4
1961,Peru,7.0
1961,Romania,5.7
1962,Australia,9.5
1962,Austria,9.4
1962,Canada,7.3
1962,Finland,3.0
1962,Germany,12.1
1962,Hungary,8.2
1962,Iceland,3.4
1962,Ireland,5.5
1962,Italy,19.4
1962,South Korea,7.0
1962,Luxembourg,18.3
1962,Mexico,2.8
1962,Netherlands,4.3
1962,Norway,3.5
1962,Poland,6.1
1962,Portugal,15.2
1962,Slovakia,7.4
1962,Spain,14.6
1962,Sweden,5.1
1962,Switzerland,12.9
1962,Turkey,1.0
1962,United Kingdom,7.1
1962,United States of America,8.0
1962,China,0.6
1962,India,0.7
1962,Indonesia,0.0
1962,Israel,4.8
1962,South Africa,8.1
1962,Colombia,4.5
1962,Costa Rica,2.9
1962,Argentina,16.7
1962,Peru,6.8
1962,Romania,6.9
1963,Australia,9.8
1963,Austria,10.1
1963,Belgium,9.9
1963,Canada,7.5
1963,Finland,3.1
1963,Germany,12.9
1963,Greece,9.7
1963,Hungary,8.6
1963,Iceland,3.6
1963,Ireland,5.2
1963,Italy,18.2
1963,Japan,5.0
1963,South Korea,5.9
1963,Luxembourg,18.7
1963,Mexico,2.6
1963,Netherlands,4.8
1963,Norway,3.6
1963,Poland,6.2
1963,Portugal,18.5
1963,Slovakia,8.1
1963,Spain,13.6
1963,Sweden,5.1
1963,Switzerland,13.1
1963,Turkey,0.8
1963,United Kingdom,7.2
1963,United States of America,8.1
1963,Brazil,1.9
1963,Chile,11.1
1963,China,0.6
1963,India,0.6
1963,Indonesia,0.0
1963,Israel,4.1
1963,South Africa,5.4
1963,Colombia,4.7
1963,Costa Rica,3.8
1963,Argentina,17.6
1963,Bulgaria,7.3
1963,Peru,5.6
1963,Romania,7.0
1964,Australia,10.1
1964,Austria,10.7
1964,Belgium,10.5
1964,Canada,7.6
1964,Finland,3.1
1964,Germany,13.7
1964,Greece,9.8
1964,Hungary,9.6
1964,Iceland,3.6
1964,Ireland,5.6
1964,Italy,17.8
1964,Japan,5.2
1964,South Korea,5.2
1964,Luxembourg,18.8
1964,Mexico,2.9
1964,Netherlands,5.0
1964,Norway,3.5
1964,Poland,6.2
1964,Portugal,19.4
1964,Slovakia,9.3
1964,Spain,13.9
1964,Sweden,5.4
1964,Switzerland,13.8
1964,Turkey,0.9
1964,United Kingdom,7.5
1964,United States of America,8.4
1964,Brazil,2.0
1964,Chile,11.6
1964,China,0.6
1964,India,0.7
1964,Indonesia,0.0
1964,Israel,5.1
1964,South Africa,5.9
1964,Colombia,4.5
1964,Costa Rica,3.7
1964,Argentina,17.8
1964,Bulgaria,6.5
1964,Peru,6.0
1964,Romania,7.0
1965,Australia,10.0
1965,Austria,11.2
1965,Belgium,10.8
1965,Canada,7.8
1965,Denmark,7.4
1965,Finland,3.3
1965,Germany,14.0
1965,Greece,10.0
1965,Hungary,8.9
1965,Iceland,3.8
1965,Ireland,5.8
1965,Italy,18.4
1965,Japan,5.3
1965,South Korea,6.0
1965,Luxembourg,18.7
1965,Mexico,3.1
1965,Netherlands,5.9
1965,New Zealand,8.6
1965,Norway,3.7
1965,Poland,6.4
1965,Portugal,19.5
1965,Slovakia,10.5
1965,Spain,14.6
1965,Sweden,5.7
1965,Switzerland,13.7
1965,Turkey,0.9
1965,United Kingdom,7.4
1965,United States of America,8.6
1965,Brazil,1.9
1965,Chile,9.7
1965,China,0.7
1965,India,0.6
1965,Indonesia,0.0
1965,Israel,4.9
1965,South Africa,6.4
1965,Colombia,4.3
1965,Costa Rica,4.1
1965,Argentina,17.8
1965,Bulgaria,7.3
1965,Peru,6.8
1965,Romania,7.2
1966,Australia,10.3
1966,Austria,13.0
1966,Belgium,10.3
1966,Canada,8.1
1966,Denmark,7.9
1966,Finland,3.5
1966,Germany,13.6
1966,Greece,10.1
1966,Hungary,8.9
1966,Iceland,4.2
1966,Ireland,5.9
1966,Italy,18.7
1966,Japan,5.3
1966,South Korea,7.6
1966,Luxembourg,18.5
1966,Mexico,3.1
1966,Netherlands,5.4
1966,Norway,3.8
1966,Poland,6.6
1966,Portugal,16.9
1966,Slovakia,11.1
1966,Spain,16.0
1966,Sweden,6.0
1966,Switzerland,13.6
1966,Turkey,1.0
1966,United Kingdom,7.6
1966,United States of America,8.8
1966,Brazil,1.8
1966,Chile,11.3
1966,China,0.8
1966,India,0.7
1966,Indonesia,0.0
1966,Israel,4.4
1966,South Africa,6.6
1966,Colombia,4.0
1966,Costa Rica,4.6
1966,Argentina,16.6
1966,Bulgaria,7.3
1966,Peru,7.1
1966,Romania,7.3
1967,Australia,10.8
1967,Austria,12.7
1967,Belgium,10.7
1967,Canada,8.3
1967,Denmark,8.0
1967,Finland,3.6
1967,Germany,13.5
1967,Greece,10.1
1967,Hungary,9.7
1967,Iceland,4.4
1967,Ireland,5.9
1967,Italy,19.0
1967,Japan,5.4
1967,South Korea,8.9
1967,Luxembourg,18.3
1967,Mexico,3.5
1967,Netherlands,6.2
1967,Norway,4.0
1967,Poland,6.9
1967,Portugal,17.0
1967,Slovakia,11.6
1967,Spain,14.5
1967,Sweden,6.3
1967,Switzerland,13.6
1967,Turkey,1.1
1967,United Kingdom,7.7
1967,United States of America,9.0
1967,Brazil,2.6
1967,Chile,11.4
1967,China,0.7
1967,India,0.7
1967,Indonesia,0.0
1967,Israel,4.5
1967,South Africa,6.7
1967,Colombia,3.5
1967,Costa Rica,3.4
1967,Argentina,17.0
1967,Bulgaria,7.8
1967,Peru,5.9
1967,Romania,7.1
1968,Australia,11.1
1968,Austria,13.4
1968,Belgium,11.2
1968,Canada,8.3
1968,Denmark,8.3
1968,Finland,3.9
1968,Germany,14.0
1968,Greece,10.2
1968,Hungary,9.9
1968,Iceland,3.9
1968,Ireland,6.1
1968,Italy,19.7
1968,Japan,5.5
1968,South Korea,8.4
1968,Luxembourg,18.3
1968,Mexico,3.4
1968,Netherlands,6.5
1968,Norway,4.3
1968,Poland,7.4
1968,Portugal,18.3
1968,Slovakia,11.8
1968,Spain,14.9
1968,Sweden,6.6
1968,Switzerland,13.6
1968,Turkey,1.3
1968,United Kingdom,7.9
1968,United States of America,9.3
1968,Brazil,2.7
1968,Chile,11.6
1968,China,0.8
1968,India,0.8
1968,Indonesia,0.0
1968,Israel,4.5
1968,South Africa,6.9
1968,Colombia,3.5
1968,Costa Rica,3.5
1968,Argentina,17.7
1968,Bulgaria,9.0
1968,Peru,6.5
1968,Romania,7.7
1969,Australia,11.6
1969,Austria,13.2
1969,Belgium,11.5
1969,Canada,8.5
1969,Denmark,8.9
1969,Finland,5.7
1969,Germany,15.0
1969,Greece,10.2
1969,Hungary,11.1
1969,Iceland,3.9
1969,Ireland,6.5
1969,Italy,19.7
1969,Japan,5.8
1969,South Korea,9.4
1969,Luxembourg,18.6
1969,Mexico,3.5
1969,Netherlands,7.2
1969,Norway,4.4
1969,Poland,7.7
1969,Portugal,14.0
1969,Slovakia,12.2
1969,Spain,15.2
1969,Sweden,7.0
1969,Switzerland,14.0
1969,Turkey,1.1
1969,United Kingdom,8.1
1969,United States of America,9.5
1969,Brazil,2.7
1969,Chile,9.1
1969,China,0.8
1969,India,0.9
1969,Indonesia,0.0
1969,Israel,4.9
1969,South Africa,7.2
1969,Colombia,4.0
1969,Costa Rica,3.7
1969,Argentina,17.8
1969,Bulgaria,8.7
1969,Peru,6.1
1969,Romania,8.0
1970,Australia,11.6
1970,Austria,13.3
1970,Belgium,12.4
1970,Canada,8.8
1970,Denmark,9.7
1970,Finland,5.8
1970,France,23.2
1970,Germany,15.5
1970,Greece,10.3
1970,Hungary,11.5
1970,Iceland,4.6
1970,Ireland,7.0
1970,Italy,19.7
1970,Japan,6.1
1970,South Korea,11.3
1970,Luxembourg,18.7
1970,Mexico,3.4
1970,Netherlands,7.8
1970,New Zealand,9.8
1970,Norway,4.7
1970,Poland,7.6
1970,Portugal,19.9
1970,Slovakia,12.8
1970,Spain,15.3
1970,Sweden,7.2
1970,Switzerland,14.2
1970,Turkey,1.1
1970,United Kingdom,7.1
1970,United States of America,9.5
1970,Brazil,3.1
1970,Chile,9.2
1970,China,0.8
1970,India,0.8
1970,Indonesia,0.1
1970,Israel,4.6
1970,South Africa,7.4
1970,Colombia,3.7
1970,Costa Rica,3.7
1970,Argentina,18.4
1970,Bulgaria,8.4
1970,Peru,6.1
1970,Romania,8.6
1971,Australia,11.6
1971,Austria,13.9
1971,Belgium,12.6
1971,Canada,9.4
1971,Denmark,10.0
1971,Finland,6.4
1971,France,22.9
1971,Germany,16.5
1971,Greece,10.4
1971,Hungary,11.9
1971,Iceland,4.9
1971,Ireland,7.3
1971,Italy,19.6
1971,Japan,6.1
1971,South Korea,14.4
1971,Luxembourg,19.0
1971,Mexico,3.1
1971,Netherlands,8.5
1971,New Zealand,10.4
1971,Norway,4.9
1971,Poland,8.0
1971,Portugal,16.0
1971,Slovakia,13.6
1971,Spain,15.1
1971,Sweden,7.0
1971,Switzerland,14.2
1971,Turkey,1.2
1971,United Kingdom,7.4
1971,United States of America,9.8
1971,Brazil,2.9
1971,Chile,11.6
1971,China,0.8
1971,India,0.9
1971,Indonesia,0.1
1971,Israel,4.7
1971,South Africa,7.3
1971,Colombia,3.9
1971,Costa Rica,3.6
1971,Argentina,17.0
1971,Bulgaria,8.9
1971,Peru,6.5
1971,Romania,8.8
1972,Australia,12.2
1972,Austria,14.4
1972,Belgium,13.0
1972,Canada,9.9
1972,Denmark,10.8
1972,Finland,6.8
1972,France,22.6
1972,Germany,16.3
1972,Greece,10.4
1972,Hungary,11.9
1972,Iceland,5.0
1972,Ireland,7.7
1972,Italy,19.5
1972,Japan,6.2
1972,South Korea,15.2
1972,Luxembourg,18.7
1972,Mexico,3.3
1972,Netherlands,9.3
1972,New Zealand,10.6
1972,Norway,5.0
1972,Poland,8.6
1972,Portugal,16.2
1972,Slovakia,13.8
1972,Spain,16.3
1972,Sweden,7.3
1972,Switzerland,14.5
1972,Turkey,1.3
1972,United Kingdom,7.8
1972,United States of America,9.6
1972,Brazil,2.9
1972,Chile,12.8
1972,China,0.9
1972,India,0.9
1972,Indonesia,0.1
1972,Israel,4.9
1972,South Africa,7.5
1972,Colombia,3.9
1972,Costa Rica,3.8
1972,Argentina,16.1
1972,Bulgaria,9.2
1972,Peru,6.2
1972,Romania,9.0
1973,Australia,12.9
1973,Austria,14.6
1973,Belgium,13.8
1973,Canada,10.4
1973,Denmark,11.7
1973,Finland,7.4
1973,France,22.8
1973,Germany,16.7
1973,Greece,10.7
1973,Hungary,11.9
1973,Iceland,5.2
1973,Ireland,8.2
1973,Italy,19.9
1973,Japan,6.5
1973,South Korea,16.8
1973,Luxembourg,19.1
1973,Mexico,3.5
1973,Netherlands,10.3
1973,New Zealand,11.3
1973,Norway,5.1
1973,Poland,9.2
1973,Portugal,19.1
1973,Slovakia,13.7
1973,Spain,18.0
1973,Sweden,7.0
1973,Switzerland,15.0
1973,Turkey,1.6
1973,United Kingdom,8.7
1973,United States of America,9.8
1973,Brazil,3.0
1973,Chile,11.1
1973,China,1.0
1973,India,1.0
1973,Indonesia,0.1
1973,Israel,4.9
1973,South Africa,8.2
1973,Colombia,4.1
1973,Costa Rica,3.9
1973,Argentina,15.0
1973,Bulgaria,10.1
1973,Peru,6.5
1973,Romania,10.2
1974,Australia,13.1
1974,Austria,14.6
1974,Belgium,13.4
1974,Canada,10.8
1974,Denmark,11.4
1974,Finland,8.4
1974,France,22.5
1974,Germany,15.9
1974,Greece,10.9
1974,Hungary,11.8
1974,Iceland,5.3
1974,Ireland,9.3
1974,Italy,19.7
1974,Japan,6.6
1974,South Korea,16.6
1974,Luxembourg,18.5
1974,Mexico,3.8
1974,Netherlands,10.8
1974,New Zealand,11.5
1974,Norway,5.5
1974,Poland,8.7
1974,Portugal,18.3
1974,Slovakia,13.8
1974,Spain,18.4
1974,Sweden,7.4
1974,Switzerland,14.6
1974,Turkey,1.8
1974,United Kingdom,9.1
1974,United States of America,10.0
1974,Brazil,3.0
1974,Chile,10.0
1974,China,1.1
1974,India,1.0
1974,Indonesia,0.1
1974,Israel,4.7
1974,South Africa,8.7
1974,Colombia,4.5
1974,Costa Rica,3.7
1974,Argentina,16.1
1974,Bulgaria,10.2
1974,Peru,6.5
1974,Romania,10.3
1975,Australia,12.9
1975,Austria,14.1
1975,Belgium,13.5
1975,Canada,10.9
1975,Denmark,12.3
1975,Finland,8.0
1975,France,22.5
1975,Germany,16.8
1975,Greece,10.9
1975,Hungary,12.6
1975,Iceland,4.8
1975,Ireland,9.2
1975,Italy,18.3
1975,Japan,6.7
1975,South Korea,15.2
1975,Luxembourg,19.0
1975,Mexico,3.9
1975,Netherlands,11.9
1975,New Zealand,11.5
1975,Norway,5.5
1975,Poland,9.6
1975,Portugal,19.6
1975,Slovakia,14.3
1975,Spain,18.5
1975,Sweden,7.6
1975,Switzerland,13.7
1975,Turkey,1.8
1975,United Kingdom,9.0
1975,United States of America,10.1
1975,Brazil,3.0
1975,Chile,8.6
1975,China,1.2
1975,India,1.0
1975,Indonesia,0.1
1975,Israel,5.1
1975,South Africa,8.4
1975,Colombia,4.2
1975,Costa Rica,3.5
1975,Argentina,17.5
1975,Bulgaria,10.2
1975,Peru,6.6
1975,Romania,9.7
1976,Australia,13.1
1976,Austria,14.2
1976,Belgium,13.6
1976,Canada,10.9
1976,Denmark,12.7
1976,Finland,8.1
1976,France,22.2
1976,Germany,17.2
1976,Greece,11.0
1976,Hungary,13.5
1976,Iceland,4.8
1976,Ireland,9.0
1976,Italy,17.6
1976,Japan,6.7
1976,South Korea,16.0
1976,Luxembourg,19.0
1976,Mexico,4.0
1976,Netherlands,11.2
1976,New Zealand,11.6
1976,Norway,5.7
1976,Poland,10.8
1976,Portugal,16.9
1976,Slovakia,14.1
1976,Spain,17.9
1976,Sweden,7.7
1976,Switzerland,13.3
1976,Turkey,2.0
1976,United Kingdom,9.3
1976,United States of America,10.1
1976,Brazil,3.1
1976,Chile,9.7
1976,China,1.3
1976,India,1.1
1976,Indonesia,0.1
1976,Israel,5.0
1976,South Africa,7.9
1976,Colombia,4.7
1976,Costa Rica,4.0
1976,Argentina,17.3
1976,Bulgaria,10.9
1976,Peru,6.8
1976,Romania,9.4
1977,Australia,13.0
1977,Austria,14.3
1977,Belgium,13.5
1977,Canada,10.9
1977,Denmark,12.3
1977,Finland,8.2
1977,France,22.1
1977,Germany,16.4
1977,Greece,10.9
1977,Hungary,14.4
1977,Iceland,5.1
1977,Ireland,9.2
1977,Italy,17.0
1977,Japan,7.0
1977,South Korea,16.7
1977,Luxembourg,18.6
1977,Mexico,4.3
1977,Netherlands,11.7
1977,New Zealand,11.5
1977,Norway,5.7
1977,Poland,11.3
1977,Portugal,13.7
1977,Slovakia,14.9
1977,Spain,17.1
1977,Sweden,7.3
1977,Switzerland,13.3
1977,Turkey,2.0
1977,United Kingdom,8.8
1977,United States of America,9.8
1977,Brazil,3.2
1977,Chile,10.3
1977,China,1.2
1977,India,1.1
1977,Indonesia,0.1
1977,Israel,3.9
1977,South Africa,7.5
1977,Colombia,4.8
1977,Costa Rica,4.5
1977,Argentina,17.1
1977,Bulgaria,10.5
1977,Peru,6.5
1977,Romania,9.6
1978,Australia,12.7
1978,Austria,13.5
1978,Belgium,13.4
1978,Canada,10.9
1978,Denmark,11.7
1978,Finland,7.9
1978,France,21.1
1978,Germany,16.3
1978,Greece,11.4
1978,Hungary,14.6
1978,Iceland,4.8
1978,Ireland,9.8
1978,Italy,16.5
1978,Japan,7.0
1978,South Korea,14.3
1978,Luxembourg,18.1
1978,Mexico,4.0
1978,Netherlands,11.9
1978,New Zealand,12.1
1978,Norway,5.2
1978,Poland,10.9
1978,Portugal,14.0
1978,Slovakia,14.9
1978,Spain,18.3
1978,Sweden,7.0
1978,Switzerland,13.4
1978,Turkey,2.0
1978,United Kingdom,9.4
1978,United States of America,10.1
1978,Brazil,3.5
1978,Chile,9.8
1978,China,1.2
1978,India,1.1
1978,Indonesia,0.1
1978,Israel,3.5
1978,South Africa,7.5
1978,Colombia,5.0
1978,Costa Rica,5.2
1978,Argentina,15.7
1978,Bulgaria,11.3
1978,Peru,5.9
1978,Romania,10.5
1979,Australia,12.7
1979,Austria,13.6
1979,Belgium,13.6
1979,Canada,10.9
1979,Denmark,12.3
1979,Finland,7.8
1979,France,20.6
1979,Germany,16.7
1979,Greece,11.6
1979,Hungary,14.1
1979,Iceland,5.1
1979,Ireland,10.0
1979,Italy,16.5
1979,Japan,7.2
1979,South Korea,14.4
1979,Luxembourg,18.0
1979,Mexico,4.3
1979,Netherlands,12.2
1979,New Zealand,11.6
1979,Norway,5.6
1979,Poland,10.9
1979,Portugal,14.2
1979,Slovakia,14.1
1979,Spain,17.7
1979,Sweden,7.1
1979,Switzerland,13.3
1979,Turkey,2.0
1979,United Kingdom,9.8
1979,United States of America,10.2
1979,Brazil,3.5
1979,Chile,10.3
1979,China,1.3
1979,India,1.1
1979,Indonesia,0.1
1979,Israel,3.1
1979,South Africa,8.2
1979,Colombia,4.5
1979,Costa Rica,5.0
1979,Argentina,16.1
1979,Bulgaria,10.9
1979,Peru,6.0
1979,Romania,11.4
1980,Australia,12.7
1980,Austria,13.6
1980,Belgium,14.0
1980,Canada,10.7
1980,Czech Republic,11.7
1980,Denmark,12.4
1980,Finland,7.9
1980,France,20.1
1980,Germany,16.5
1980,Greece,13.2
1980,Hungary,14.9
1980,Iceland,5.0
1980,Ireland,9.6
1980,Italy,16.7
1980,Japan,7.1
1980,South Korea,14.8
1980,Luxembourg,17.7
1980,Mexico,4.5
1980,Netherlands,11.5
1980,New Zealand,11.8
1980,Norway,6.0
1980,Poland,11.5
1980,Portugal,14.9
1980,Slovakia,14.5
1980,Spain,17.7
1980,Sweden,6.7
1980,Switzerland,13.5
1980,Turkey,1.8
1980,United Kingdom,9.4
1980,United States of America,10.4
1980,Brazil,3.5
1980,Chile,10.2
1980,China,1.7
1980,India,1.1
1980,Indonesia,0.1
1980,Israel,2.9
1980,South Africa,8.6
1980,Colombia,6.2
1980,Latvia,13.0
1980,Costa Rica,4.6
1980,Argentina,16.6
1980,Bulgaria,10.8
1980,Peru,6.0
1980,Romania,10.9
1981,Australia,12.8
1981,Austria,13.4
1981,Belgium,13.3
1981,Canada,10.8
1981,Czech Republic,12.3
1981,Denmark,12.9
1981,Finland,8.0
1981,France,19.5
1981,Germany,16.0
1981,Greece,12.0
1981,Hungary,14.8
1981,Iceland,5.1
1981,Ireland,9.1
1981,Italy,15.1
1981,Japan,7.2
1981,South Korea,14.2
1981,Luxembourg,17.2
1981,Mexico,4.8
1981,Netherlands,11.3
1981,New Zealand,11.7
1981,Norway,5.3
1981,Poland,8.7
1981,Portugal,15.4
1981,Slovakia,14.5
1981,Spain,16.8
1981,Sweden,6.3
1981,Switzerland,13.7
1981,Turkey,1.6
1981,United Kingdom,9.1
1981,United States of America,10.4
1981,Brazil,3.4
1981,Chile,9.7
1981,China,1.9
1981,India,1.1
1981,Indonesia,0.1
1981,Israel,2.8
1981,Slovenia,16.9
1981,South Africa,8.8
1981,Colombia,6.3
1981,Latvia,12.8
1981,Costa Rica,4.6
1981,Argentina,15.3
1981,Bulgaria,11.3
1981,Peru,5.9
1981,Romania,10.5
1982,Australia,12.4
1982,Austria,13.5
1982,Belgium,13.7
1982,Canada,10.5
1982,Czech Republic,11.9
1982,Denmark,13.3
1982,Finland,7.9
1982,France,19.4
1982,Germany,15.7
1982,Greece,11.0
1982,Hungary,14.8
1982,Iceland,4.9
1982,Ireland,8.8
1982,Italy,14.5
1982,Japan,7.3
1982,South Korea,13.7
1982,Luxembourg,17.0
1982,Mexico,4.5
1982,Netherlands,11.0
1982,New Zealand,11.7
1982,Norway,4.8
1982,Poland,8.5
1982,Portugal,17.0
1982,Slovakia,14.7
1982,Spain,16.2
1982,Sweden,6.4
1982,Switzerland,14.0
1982,Turkey,1.2
1982,United Kingdom,8.8
1982,United States of America,10.3
1982,Brazil,3.6
1982,Chile,12.6
1982,China,2.1
1982,India,1.2
1982,Indonesia,0.1
1982,Israel,2.7
1982,Slovenia,19.5
1982,South Africa,8.6
1982,Colombia,6.2
1982,Latvia,12.4
1982,Costa Rica,4.7
1982,Argentina,14.6
1982,Bulgaria,11.2
1982,Peru,5.8
1982,Romania,10.3
1983,Australia,12.2
1983,Austria,14.0
1983,Belgium,13.6
1983,Canada,10.2
1983,Czech Republic,12.2
1983,Denmark,13.7
1983,Finland,7.9
1983,France,18.8
1983,Germany,15.8
1983,Greece,11.8
1983,Hungary,14.5
1983,Iceland,5.1
1983,Ireland,8.0
1983,Italy,14.6
1983,Japan,7.5
1983,South Korea,10.7
1983,Luxembourg,16.7
1983,Mexico,4.3
1983,Netherlands,11.2
1983,New Zealand,10.6
1983,Norway,4.9
1983,Poland,8.6
1983,Portugal,15.9
1983,Slovakia,14.2
1983,Spain,16.2
1983,Sweden,6.1
1983,Switzerland,13.6
1983,Turkey,1.6
1983,United Kingdom,9.1
1983,United States of America,10.2
1983,Brazil,3.6
1983,Chile,10.0
1983,China,2.3
1983,India,1.2
1983,Indonesia,0.1
1983,Israel,2.8
1983,Slovenia,17.3
1983,South Africa,8.5
1983,Colombia,6.3
1983,Latvia,12.3
1983,Costa Rica,4.5
1983,Argentina,14.5
1983,Bulgaria,11.0
1983,Peru,6.1
1983,Romania,10.2
1984,Australia,11.7
1984,Austria,13.8
1984,Belgium,13.3
1984,Canada,9.9
1984,Czech Republic,12.0
1984,Denmark,13.0
1984,Finland,8.1
1984,France,17.9
1984,Germany,15.1
1984,Greece,11.6
1984,Hungary,14.9
1984,Iceland,5.4
1984,Ireland,9.6
1984,Italy,14.1
1984,Japan,7.4
1984,South Korea,10.7
1984,Luxembourg,16.0
1984,Mexico,4.4
1984,Netherlands,10.8
1984,New Zealand,11.0
1984,Norway,5.0
1984,Poland,8.7
1984,Portugal,16.4
1984,Slovakia,13.9
1984,Spain,14.5
1984,Sweden,6.0
1984,Switzerland,13.5
1984,Turkey,1.7
1984,United Kingdom,9.2
1984,United States of America,10.0
1984,Brazil,3.7
1984,Chile,10.0
1984,China,2.4
1984,India,1.2
1984,Indonesia,0.1
1984,Israel,2.7
1984,Slovenia,17.2
1984,South Africa,8.8
1984,Colombia,6.2
1984,Latvia,12.4
1984,Costa Rica,4.9
1984,Argentina,13.8
1984,Bulgaria,11.4
1984,Peru,5.7
1984,Romania,10.1
1985,Australia,11.8
1985,Austria,13.3
1985,Belgium,13.1
1985,Canada,9.8
1985,Czech Republic,11.7
1985,Denmark,13.1
1985,Finland,8.0
1985,France,17.6
1985,Germany,15.1
1985,Greece,10.9
1985,Hungary,14.7
1985,Iceland,5.3
1985,Ireland,10.0
1985,Italy,13.2
1985,Japan,7.3
1985,South Korea,10.2
1985,Luxembourg,15.9
1985,Mexico,4.5
1985,Netherlands,10.6
1985,New Zealand,10.8
1985,Norway,5.2
1985,Poland,9.4
1985,Portugal,13.9
1985,Slovakia,13.9
1985,Spain,14.5
1985,Sweden,6.1
1985,Switzerland,13.5
1985,Turkey,1.7
1985,United Kingdom,9.3
1985,United States of America,9.9
1985,Brazil,3.8
1985,Chile,9.7
1985,China,2.5
1985,India,1.3
1985,Indonesia,0.1
1985,Israel,2.7
1985,Slovenia,15.1
1985,South Africa,8.4
1985,Colombia,6.3
1985,Latvia,10.9
1985,Costa Rica,5.0
1985,Argentina,12.8
1985,Bulgaria,10.9
1985,Peru,5.1
1985,Romania,10.1
1986,Australia,11.3
1986,Austria,13.6
1986,Belgium,12.7
1986,Canada,9.6
1986,Czech Republic,11.3
1986,Denmark,12.8
1986,Finland,8.5
1986,France,17.1
1986,Germany,14.7
1986,Greece,8.9
1986,Hungary,14.5
1986,Iceland,5.5
1986,Ireland,9.6
1986,Italy,12.4
1986,Japan,7.5
1986,South Korea,10.3
1986,Luxembourg,15.4
1986,Mexico,4.4
1986,Netherlands,10.6
1986,New Zealand,11.3
1986,Norway,5.3
1986,Poland,9.7
1986,Portugal,13.5
1986,Slovakia,13.2
1986,Spain,14.4
1986,Sweden,6.3
1986,Switzerland,13.2
1986,Turkey,1.8
1986,United Kingdom,9.3
1986,United States of America,9.8
1986,Brazil,4.1
1986,Chile,8.9
1986,China,2.9
1986,India,1.3
1986,Indonesia,0.1
1986,Israel,2.3
1986,Slovenia,18.1
1986,South Africa,8.9
1986,Colombia,6.6
1986,Latvia,7.8
1986,Costa Rica,4.9
1986,Argentina,12.9
1986,Bulgaria,11.5
1986,Peru,6.0
1986,Romania,10.3
1987,Australia,11.4
1987,Austria,13.6
1987,Belgium,13.2
1987,Canada,9.6
1987,Czech Republic,10.4
1987,Denmark,12.5
1987,Finland,8.8
1987,France,16.8
1987,Germany,14.8
1987,Greece,9.8
1987,Hungary,13.5
1987,Iceland,5.6
1987,Ireland,9.5
1987,Italy,11.8
1987,Japan,7.9
1987,South Korea,10.2
1987,Luxembourg,15.4
1987,Mexico,4.7
1987,Netherlands,10.2
1987,New Zealand,10.3
1987,Norway,5.4
1987,Poland,9.7
1987,Portugal,12.4
1987,Slovakia,13.3
1987,Spain,14.4
1987,Sweden,6.2
1987,Switzerland,13.2
1987,Turkey,1.3
1987,United Kingdom,9.5
1987,United States of America,9.7
1987,Brazil,4.0
1987,Chile,9.5
1987,China,3.3
1987,India,1.5
1987,Indonesia,0.1
1987,Israel,2.3
1987,Slovenia,16.6
1987,South Africa,9.0
1987,Colombia,6.8
1987,Latvia,5.8
1987,Costa Rica,4.2
1987,Argentina,12.8
1987,Bulgaria,10.9
1987,Croatia,13.5
1987,Peru,6.7
1987,Romania,10.3
1988,Australia,11.3
1988,Austria,13.7
1988,Belgium,12.5
1988,Canada,9.4
1988,Czech Republic,10.5
1988,Denmark,12.5
1988,Finland,9.0
1988,France,16.8
1988,Germany,14.6
1988,Greece,10.1
1988,Hungary,13.1
1988,Iceland,5.5
1988,Ireland,9.9
1988,Italy,11.4
1988,Japan,8.3
1988,South Korea,9.5
1988,Luxembourg,15.2
1988,Mexico,4.5
1988,Netherlands,10.2
1988,New Zealand,10.1
1988,Norway,5.3
1988,Poland,9.5
1988,Portugal,12.9
1988,Slovakia,12.9
1988,Spain,13.5
1988,Sweden,6.4
1988,Switzerland,13.2
1988,Turkey,1.3
1988,United Kingdom,9.8
1988,United States of America,9.4
1988,Brazil,4.1
1988,Chile,9.5
1988,China,3.5
1988,India,1.6
1988,Indonesia,0.1
1988,Israel,2.2
1988,Slovenia,15.0
1988,South Africa,9.2
1988,Colombia,7.2
1988,Latvia,6.3
1988,Costa Rica,5.5
1988,Argentina,11.5
1988,Bulgaria,11.2
1988,Croatia,11.1
1988,Peru,5.5
1988,Romania,10.4
1989,Australia,11.0
1989,Austria,13.9
1989,Belgium,11.6
1989,Canada,8.8
1989,Czech Republic,10.5
1989,Denmark,12.2
1989,Finland,9.4
1989,France,17.0
1989,Germany,14.6
1989,Greece,10.2
1989,Hungary,14.1
1989,Iceland,5.4
1989,Ireland,10.2
1989,Italy,11.0
1989,Japan,8.6
1989,South Korea,9.5
1989,Luxembourg,15.3
1989,Mexico,5.1
1989,Netherlands,10.0
1989,New Zealand,10.2
1989,Norway,5.1
1989,Poland,9.2
1989,Portugal,14.6
1989,Slovakia,13.0
1989,Spain,13.3
1989,Sweden,6.5
1989,Switzerland,13.1
1989,Turkey,1.4
1989,United Kingdom,9.8
1989,United States of America,9.2
1989,Brazil,5.5
1989,Chile,8.7
1989,China,3.2
1989,India,1.7
1989,Indonesia,0.1
1989,Israel,2.0
1989,Slovenia,13.0
1989,South Africa,9.2
1989,Colombia,7.0
1989,Latvia,7.5
1989,Costa Rica,5.4
1989,Argentina,10.8
1989,Bulgaria,11.4
1989,Croatia,10.9
1989,Peru,5.0
1989,Romania,8.7
1990,Australia,10.6
1990,Austria,14.0
1990,Belgium,12.2
1990,Canada,8.5
1990,Czech Republic,11.3
1990,Denmark,12.3
1990,Finland,9.5
1990,France,15.4
1990,Germany,14.9
1990,Greece,10.3
1990,Hungary,13.9
1990,Iceland,5.1
1990,Ireland,11.2
1990,Italy,11.0
1990,Japan,9.2
1990,South Korea,9.1
1990,Luxembourg,15.3
1990,Mexico,4.9
1990,Netherlands,9.9
1990,New Zealand,10.3
1990,Norway,5.0
1990,Poland,8.3
1990,Portugal,14.4
1990,Slovakia,13.4
1990,Spain,12.9
1990,Sweden,6.4
1990,Switzerland,12.9
1990,Turkey,1.4
1990,United Kingdom,9.8
1990,United States of America,9.3
1990,Brazil,5.3
1990,Chile,8.6
1990,China,3.3
1990,Estonia,9.8
1990,India,1.7
1990,Indonesia,0.1
1990,Israel,1.8
1990,Russia,16.5
1990,Slovenia,13.8
1990,South Africa,9.2
1990,Colombia,7.0
1990,Latvia,6.7
1990,Costa Rica,6.1
1990,Argentina,11.7
1990,Bulgaria,11.5
1990,Croatia,15.9
1990,Peru,5.0
1990,Romania,8.9
1991,Australia,10.1
1991,Austria,14.0
1991,Belgium,11.4
1991,Canada,8.2
1991,Czech Republic,11.5
1991,Denmark,12.2
1991,Finland,9.2
1991,France,15.4
1991,Germany,13.9
1991,Greece,10.2
1991,Hungary,13.3
1991,Iceland,5.0
1991,Ireland,11.2
1991,Italy,10.8
1991,Japan,8.9
1991,South Korea,8.8
1991,Luxembourg,14.4
1991,Mexico,4.8
1991,Netherlands,10.0
1991,New Zealand,9.9
1991,Norway,4.9
1991,Poland,8.8
1991,Portugal,14.0
1991,Slovakia,13.7
1991,Spain,12.8
1991,Sweden,6.3
1991,Switzerland,12.9
1991,Turkey,1.4
1991,United Kingdom,9.4
1991,United States of America,8.7
1991,Brazil,5.5
1991,Chile,8.0
1991,China,3.4
1991,Estonia,9.1
1991,India,1.8
1991,Indonesia,0.1
1991,Israel,1.7
1991,Russia,16.1
1991,Slovenia,13.2
1991,South Africa,9.0
1991,Colombia,7.3
1991,Latvia,6.7
1991,Costa Rica,6.1
1991,Argentina,12.3
1991,Bulgaria,9.5
1991,Croatia,13.7
1991,Peru,5.3
1991,Romania,8.9
1992,Australia,9.9
1992,Austria,13.6
1992,Belgium,11.7
1992,Canada,7.8
1992,Czech Republic,11.8
1992,Denmark,12.5
1992,Finland,8.9
1992,France,15.4
1992,Germany,13.8
1992,Greece,10.0
1992,Hungary,13.0
1992,Iceland,4.6
1992,Ireland,11.4
1992,Italy,10.6
1992,Japan,8.9
1992,South Korea,8.9
1992,Luxembourg,14.3
1992,Mexico,5.3
1992,Netherlands,10.0
1992,New Zealand,9.8
1992,Norway,4.7
1992,Poland,8.3
1992,Portugal,13.6
1992,Slovakia,12.7
1992,Spain,12.1
1992,Sweden,6.3
1992,Switzerland,12.3
1992,Turkey,1.5
1992,United Kingdom,9.3
1992,United States of America,8.7
1992,Brazil,5.3
1992,Chile,7.8
1992,China,3.5
1992,Estonia,7.8
1992,India,1.6
1992,Indonesia,0.1
1992,Israel,1.8
1992,Russia,18.5
1992,Slovenia,13.6
1992,South Africa,9.1
1992,Colombia,6.2
1992,Latvia,6.9
1992,Costa Rica,5.6
1992,Argentina,12.1
1992,Bulgaria,10.2
1992,Croatia,11.5
1992,Peru,5.6
1992,Romania,8.8
1993,Australia,10.2
1993,Austria,13.5
1993,Belgium,11.7
1993,Canada,7.5
1993,Czech Republic,11.5
1993,Denmark,12.3
1993,Finland,8.4
1993,France,14.7
1993,Germany,13.5
1993,Greece,10.7
1993,Hungary,13.1
1993,Iceland,4.4
1993,Ireland,11.2
1993,Italy,10.3
1993,Japan,9.2
1993,South Korea,8.7
1993,Luxembourg,13.9
1993,Mexico,5.2
1993,Netherlands,9.7
1993,New Zealand,9.3
1993,Norway,4.6
1993,Poland,8.4
1993,Portugal,13.4
1993,Slovakia,12.1
1993,Spain,11.6
1993,Sweden,6.2
1993,Switzerland,12.1
1993,Turkey,1.6
1993,United Kingdom,9.3
1993,United States of America,8.4
1993,Brazil,4.9
1993,Chile,7.7
1993,China,3.8
1993,Estonia,8.1
1993,India,1.8
1993,Indonesia,0.1
1993,Israel,2.2
1993,Russia,21.7
1993,Slovenia,14.3
1993,South Africa,8.8
1993,Colombia,6.7
1993,Latvia,8.0
1993,Costa Rica,5.6
1993,Argentina,11.6
1993,Bulgaria,9.9
1993,Croatia,11.3
1993,Peru,5.0
1993,Romania,9.0
1994,Australia,10.0
1994,Austria,12.5
1994,Belgium,11.1
1994,Canada,7.4
1994,Czech Republic,11.6
1994,Denmark,12.5
1994,Finland,8.2
1994,France,14.6
1994,Germany,13.4
1994,Greece,10.4
1994,Hungary,12.9
1994,Iceland,4.6
1994,Ireland,11.2
1994,Italy,10.1
1994,Japan,9.1
1994,South Korea,9.1
1994,Luxembourg,13.7
1994,Mexico,5.2
1994,Netherlands,9.7
1994,New Zealand,9.5
1994,Norway,4.7
1994,Poland,8.3
1994,Portugal,13.3
1994,Slovakia,10.6
1994,Spain,11.3
1994,Sweden,6.3
1994,Switzerland,11.8
1994,Turkey,1.6
1994,United Kingdom,9.6
1994,United States of America,8.3
1994,Brazil,5.2
1994,Chile,7.7
1994,China,4.0
1994,Estonia,8.2
1994,India,1.7
1994,Indonesia,0.1
1994,Israel,1.7
1994,Russia,23.6
1994,Slovenia,13.4
1994,South Africa,9.2
1994,Colombia,6.8
1994,Latvia,9.6
1994,Costa Rica,6.1
1994,Argentina,10.9
1994,Bulgaria,9.7
1994,Croatia,11.6
1994,Peru,5.3
1994,Romania,7.8
1995,Australia,9.8
1995,Austria,13.4
1995,Belgium,11.0
1995,Canada,7.4
1995,Czech Republic,11.5
1995,Denmark,12.7
1995,Finland,8.3
1995,France,14.5
1995,Germany,13.4
1995,Greece,10.1
1995,Hungary,12.2
1995,Iceland,4.7
1995,Ireland,11.5
1995,Italy,9.6
1995,Japan,8.9
1995,South Korea,8.9
1995,Luxembourg,13.7
1995,Mexico,5.1
1995,Netherlands,9.8
1995,New Zealand,9.3
1995,Norway,4.8
1995,Poland,8.1
1995,Portugal,12.8
1995,Slovakia,10.3
1995,Spain,11.0
1995,Sweden,6.2
1995,Switzerland,11.4
1995,Turkey,1.7
1995,United Kingdom,9.3
1995,United States of America,8.1
1995,Brazil,5.9
1995,Chile,8.3
1995,China,4.7
1995,Estonia,8.3
1995,India,1.8
1995,Indonesia,0.1
1995,Israel,1.5
1995,Russia,21.0
1995,Slovenia,13.4
1995,South Africa,9.0
1995,Colombia,7.0
1995,Latvia,9.1
1995,Lithuania,7.9
1995,Costa Rica,5.9
1995,Argentina,10.1
1995,Bulgaria,9.5
1995,Croatia,10.9
1995,Peru,5.2
1995,Romania,8.2
1996,Australia,10.0
1996,Austria,13.5
1996,Belgium,10.9
1996,Canada,7.4
1996,Czech Republic,11.6
1996,Denmark,12.7
1996,Finland,8.2
1996,France,14.5
1996,Germany,13.1
1996,Greece,9.7
1996,Hungary,12.5
1996,Iceland,4.8
1996,Ireland,12.2
1996,Italy,9.1
1996,Japan,9.0
1996,South Korea,9.1
1996,Luxembourg,13.4
1996,Mexico,5.3
1996,Netherlands,9.9
1996,New Zealand,8.8
1996,Norway,5.0
1996,Poland,8.1
1996,Portugal,12.1
1996,Slovakia,10.7
1996,Spain,10.8
1996,Sweden,6.0
1996,Switzerland,11.3
1996,Turkey,1.6
1996,United Kingdom,9.8
1996,United States of America,8.2
1996,Brazil,5.9
1996,Chile,7.4
1996,China,4.5
1996,Estonia,8.0
1996,India,1.9
1996,Indonesia,0.1
1996,Israel,1.6
1996,Russia,19.2
1996,Slovenia,12.0
1996,South Africa,10.8
1996,Colombia,6.7
1996,Latvia,8.4
1996,Lithuania,7.9
1996,Costa Rica,5.6
1996,Argentina,9.9
1996,Bulgaria,9.2
1996,Croatia,11.1
1996,Peru,4.7
1996,Romania,8.1
1997,Australia,10.2
1997,Austria,12.9
1997,Belgium,10.9
1997,Canada,7.2
1997,Czech Republic,11.9
1997,Denmark,12.6
1997,Finland,8.6
1997,France,14.3
1997,Germany,13.0
1997,Greece,9.5
1997,Hungary,12.3
1997,Iceland,5.1
1997,Ireland,12.8
1997,Italy,9.1
1997,Japan,8.8
1997,South Korea,8.9
1997,Luxembourg,13.2
1997,Mexico,4.8
1997,Netherlands,10.1
1997,New Zealand,8.7
1997,Norway,5.3
1997,Poland,8.6
1997,Portugal,11.8
1997,Slovakia,10.8
1997,Spain,11.6
1997,Sweden,5.9
1997,Switzerland,11.2
1997,Turkey,1.6
1997,United Kingdom,10.0
1997,United States of America,8.1
1997,Brazil,5.8
1997,Chile,6.6
1997,China,4.6
1997,Estonia,8.3
1997,India,1.5
1997,Indonesia,0.1
1997,Israel,2.0
1997,Russia,17.5
1997,Slovenia,11.2
1997,South Africa,10.8
1997,Colombia,6.5
1997,Latvia,8.4
1997,Lithuania,8.7
1997,Costa Rica,5.6
1997,Argentina,10.3
1997,Bulgaria,8.1
1997,Croatia,13.2
1997,Peru,4.6
1997,Romania,8.7
1998,Australia,10.0
1998,Austria,12.9
1998,Belgium,9.9
1998,Canada,7.3
1998,Czech Republic,11.8
1998,Denmark,12.1
1998,Finland,8.6
1998,France,14.5
1998,Germany,12.7
1998,Greece,9.0
1998,Hungary,12.2
1998,Iceland,5.5
1998,Ireland,13.2
1998,Italy,9.0
1998,Japan,8.7
1998,South Korea,8.7
1998,Luxembourg,13.0
1998,Mexico,4.9
1998,Netherlands,9.9
1998,New Zealand,8.7
1998,Norway,5.2
1998,Poland,8.4
1998,Portugal,11.7
1998,Slovakia,10.0
1998,Spain,11.5
1998,Sweden,5.8
1998,Switzerland,11.1
1998,Turkey,1.6
1998,United Kingdom,9.8
1998,United States of America,8.1
1998,Brazil,5.7
1998,Chile,7.3
1998,China,3.9
1998,Estonia,8.0
1998,India,1.4
1998,Indonesia,0.1
1998,Israel,2.1
1998,Russia,16.9
1998,Slovenia,8.3
1998,South Africa,10.6
1998,Colombia,6.6
1998,Latvia,8.9
1998,Lithuania,8.0
1998,Costa Rica,5.6
1998,Argentina,9.2
1998,Bulgaria,7.9
1998,Croatia,13.8
1998,Peru,4.3
1998,Romania,7.3
1999,Australia,10.0
1999,Austria,12.8
1999,Belgium,10.1
1999,Canada,7.5
1999,Czech Republic,11.9
1999,Denmark,12.1
1999,Finland,8.6
1999,France,14.4
1999,Germany,12.8
1999,Greece,9.5
1999,Hungary,12.2
1999,Iceland,5.9
1999,Ireland,13.8
1999,Italy,8.9
1999,Japan,8.8
1999,South Korea,9.2
1999,Luxembourg,13.0
1999,Mexico,4.9
1999,Netherlands,10.1
1999,New Zealand,8.9
1999,Norway,5.5
1999,Poland,8.3
1999,Portugal,13.2
1999,Slovakia,10.0
1999,Spain,11.3
1999,Sweden,6.1
1999,Switzerland,11.1
1999,Turkey,1.6
1999,United Kingdom,10.3
1999,United States of America,8.2
1999,Brazil,6.0
1999,Chile,7.6
1999,China,3.6
1999,Estonia,8.9
1999,India,1.7
1999,Indonesia,0.1
1999,Israel,2.0
1999,Russia,17.5
1999,Slovenia,10.6
1999,South Africa,10.8
1999,Colombia,6.3
1999,Latvia,8.8
1999,Lithuania,8.6
1999,Costa Rica,5.4
1999,Argentina,9.2
1999,Bulgaria,7.7
1999,Croatia,12.2
1999,Peru,4.1
1999,Romania,7.7
2000,Australia,10.2
2000,Austria,13.2
2000,Belgium,11.2
2000,Canada,7.6
2000,Czech Republic,11.8
2000,Denmark,12.2
2000,Finland,8.6
2000,France,13.9
2000,Germany,12.9
2000,Greece,8.6
2000,Hungary,12.0
2000,Iceland,6.2
2000,Ireland,14.2
2000,Italy,9.8
2000,Japan,8.6
2000,South Korea,8.9
2000,Luxembourg,13.4
2000,Mexico,5.2
2000,Netherlands,10.1
2000,New Zealand,8.9
2000,Norway,5.7
2000,Poland,8.4
2000,Portugal,12.8
2000,Slovakia,11.0
2000,Spain,11.8
2000,Sweden,6.2
2000,Switzerland,11.2
2000,Turkey,1.5
2000,United Kingdom,10.4
2000,United States of America,8.3
2000,Brazil,7.3
2000,Chile,6.2
2000,China,3.0
2000,Estonia,9.0
2000,India,0.9
2000,Indonesia,0.1
2000,Israel,2.6
2000,Russia,18.8
2000,Slovenia,11.2
2000,South Africa,7.7
2000,Colombia,4.5
2000,Latvia,7.1
2000,Lithuania,9.7
2000,Costa Rica,4.2
2000,Argentina,7.7
2000,Bulgaria,10.3
2000,Croatia,13.2
2000,Peru,4.8
2000,Romania,9.0
2001,Australia,10.0
2001,Austria,12.3
2001,Belgium,11.0
2001,Canada,7.6
2001,Czech Republic,11.8
2001,Denmark,12.0
2001,Finland,9.0
2001,France,14.1
2001,Germany,12.5
2001,Greece,8.8
2001,Hungary,13.2
2001,Iceland,6.4
2001,Ireland,14.5
2001,Italy,9.7
2001,Japan,8.6
2001,South Korea,8.5
2001,Luxembourg,13.3
2001,Mexico,5.0
2001,Netherlands,10.0
2001,New Zealand,8.7
2001,Norway,5.5
2001,Poland,7.8
2001,Portugal,12.6
2001,Slovakia,10.8
2001,Spain,12.4
2001,Sweden,6.5
2001,Switzerland,10.6
2001,Turkey,1.4
2001,United Kingdom,10.8
2001,United States of America,8.3
2001,Brazil,7.2
2001,Chile,6.2
2001,China,2.8
2001,Estonia,10.1
2001,India,1.0
2001,Indonesia,0.1
2001,Israel,2.8
2001,Russia,19.4
2001,Slovenia,13.0
2001,South Africa,7.6
2001,Colombia,4.3
2001,Latvia,6.7
2001,Lithuania,10.5
2001,Costa Rica,4.3
2001,Argentina,7.8
2001,Bulgaria,11.1
2001,Croatia,13.7
2001,Peru,4.1
2001,Romania,12.1
2002,Australia,10.4
2002,Austria,12.1
2002,Belgium,11.3
2002,Canada,7.7
2002,Czech Republic,11.9
2002,Denmark,11.8
2002,Finland,9.2
2002,France,13.9
2002,Germany,12.3
2002,Greece,8.2
2002,Hungary,13.3
2002,Iceland,6.6
2002,Ireland,14.3
2002,Italy,9.3
2002,Japan,8.4
2002,South Korea,9.2
2002,Luxembourg,13.1
2002,Mexico,4.9
2002,Netherlands,9.8
2002,New Zealand,9.1
2002,Norway,5.9
2002,Poland,8.1
2002,Portugal,12.5
2002,Slovakia,10.8
2002,Spain,10.7
2002,Sweden,6.9
2002,Switzerland,10.3
2002,Turkey,1.4
2002,United Kingdom,11.1
2002,United States of America,8.3
2002,Brazil,7.0
2002,Chile,5.5
2002,China,2.9
2002,Estonia,12.0
2002,India,1.1
2002,Indonesia,0.1
2002,Israel,2.8
2002,Russia,19.8
2002,Slovenia,11.6
2002,South Africa,7.5
2002,Colombia,4.3
2002,Latvia,7.4
2002,Lithuania,11.1
2002,Costa Rica,4.2
2002,Argentina,7.8
2002,Bulgaria,10.8
2002,Croatia,13.9
2002,Peru,3.9
2002,Romania,13.2
2003,Australia,10.3
2003,Austria,12.3
2003,Belgium,11.3
2003,Canada,7.7
2003,Czech Republic,12.1
2003,Denmark,12.0
2003,Finland,9.3
2003,France,13.4
2003,Germany,11.9
2003,Greece,8.9
2003,Hungary,13.2
2003,Iceland,6.6
2003,Ireland,13.5
2003,Italy,9.3
2003,Japan,8.4
2003,South Korea,9.3
2003,Luxembourg,12.7
2003,Mexico,5.0
2003,Netherlands,9.7
2003,New Zealand,8.9
2003,Norway,6.0
2003,Poland,9.1
2003,Portugal,12.2
2003,Slovakia,9.9
2003,Spain,11.4
2003,Sweden,6.9
2003,Switzerland,10.3
2003,Turkey,1.5
2003,United Kingdom,11.3
2003,United States of America,8.4
2003,Brazil,6.8
2003,Chile,6.5
2003,China,2.9
2003,Estonia,11.8
2003,India,1.2
2003,Indonesia,0.1
2003,Israel,2.6
2003,Russia,19.8
2003,Slovenia,11.2
2003,South Africa,7.3
2003,Colombia,4.1
2003,Latvia,8.2
2003,Lithuania,11.3
2003,Costa Rica,4.1
2003,Argentina,7.6
2003,Bulgaria,10.9
2003,Croatia,13.0
2003,Peru,4.6
2003,Romania,11.6
2004,Australia,10.5
2004,Austria,12.1
2004,Belgium,12.1
2004,Canada,7.8
2004,Czech Republic,11.5
2004,Denmark,11.8
2004,Finland,9.9
2004,France,13.1
2004,Germany,11.8
2004,Greece,9.1
2004,Hungary,13.2
2004,Iceland,6.8
2004,Ireland,13.6
2004,Italy,9.0
2004,Japan,8.2
2004,South Korea,9.3
2004,Luxembourg,12.5
2004,Mexico,5.0
2004,Netherlands,9.6
2004,New Zealand,9.1
2004,Norway,6.2
2004,Poland,9.2
2004,Portugal,12.3
2004,Slovakia,10.1
2004,Spain,11.7
2004,Sweden,6.5
2004,Switzerland,10.1
2004,Turkey,1.4
2004,United Kingdom,11.6
2004,United States of America,8.5
2004,Brazil,6.7
2004,Chile,6.8
2004,China,3.0
2004,Estonia,11.5
2004,India,1.2
2004,Indonesia,0.1
2004,Israel,2.4
2004,Russia,19.3
2004,Slovenia,13.5
2004,South Africa,7.2
2004,Colombia,4.1
2004,Latvia,8.8
2004,Lithuania,12.2
2004,Costa Rica,4.1
2004,Argentina,7.6
2004,Bulgaria,10.7
2004,Croatia,12.4
2004,Peru,4.5
2004,Romania,11.8
2005,Australia,10.5
2005,Austria,12.2
2005,Belgium,12.2
2005,Canada,8.0
2005,Czech Republic,12.0
2005,Denmark,11.8
2005,Finland,10.0
2005,France,12.9
2005,Germany,11.7
2005,Greece,9.2
2005,Hungary,13.0
2005,Iceland,7.1
2005,Ireland,13.4
2005,Italy,8.7
2005,Japan,8.5
2005,South Korea,9.0
2005,Luxembourg,12.3
2005,Mexico,5.0
2005,Netherlands,9.6
2005,New Zealand,9.3
2005,Norway,6.4
2005,Poland,9.1
2005,Portugal,12.0
2005,Slovakia,11.0
2005,Spain,11.9
2005,Sweden,6.5
2005,Switzerland,9.7
2005,Turkey,1.3
2005,United Kingdom,11.4
2005,United States of America,8.5
2005,Brazil,6.8
2005,Chile,7.2
2005,China,2.9
2005,Estonia,13.0
2005,India,1.3
2005,Indonesia,0.1
2005,Israel,2.5
2005,Slovenia,10.3
2005,South Africa,7.2
2005,Colombia,4.3
2005,Latvia,9.9
2005,Lithuania,12.5
2005,Costa Rica,4.1
2005,Argentina,7.6
2005,Bulgaria,10.2
2005,Croatia,10.7
2005,Peru,4.7
2005,Romania,9.6
2006,Australia,10.8
2006,Austria,12.5
2006,Belgium,10.9
2006,Canada,8.2
2006,Czech Republic,11.9
2006,Denmark,11.6
2006,Finland,10.1
2006,France,13.1
2006,Germany,11.8
2006,Greece,8.7
2006,Hungary,13.2
2006,Iceland,7.2
2006,Ireland,13.4
2006,Italy,8.4
2006,Japan,7.9
2006,South Korea,9.2
2006,Luxembourg,12.4
2006,Mexico,5.2
2006,Netherlands,9.6
2006,New Zealand,9.3
2006,Norway,6.5
2006,Poland,9.9
2006,Portugal,11.8
2006,Slovakia,10.6
2006,Spain,11.9
2006,Sweden,6.8
2006,Switzerland,9.7
2006,Turkey,1.2
2006,United Kingdom,11.0
2006,United States of America,8.6
2006,Brazil,6.9
2006,Chile,6.9
2006,China,3.3
2006,Estonia,13.4
2006,India,1.4
2006,Indonesia,0.1
2006,Israel,2.3
2006,Slovenia,12.2
2006,South Africa,7.3
2006,Colombia,4.4
2006,Latvia,10.4
2006,Lithuania,13.2
2006,Costa Rica,4.2
2006,Argentina,7.8
2006,Bulgaria,10.2
2006,Croatia,11.0
2006,Peru,4.5
2006,Romania,9.9
2007,Australia,10.8
2007,Austria,12.5
2007,Belgium,10.3
2007,Canada,8.4
2007,Czech Republic,12.1
2007,Denmark,11.6
2007,Finland,10.5
2007,France,12.9
2007,Germany,11.5
2007,Greece,8.9
2007,Hungary,12.6
2007,Iceland,7.5
2007,Ireland,13.2
2007,Italy,8.4
2007,Japan,7.7
2007,South Korea,9.3
2007,Luxembourg,12.2
2007,Mexico,4.1
2007,Netherlands,9.6
2007,New Zealand,9.2
2007,Norway,6.6
2007,Poland,10.3
2007,Portugal,11.5
2007,Slovakia,10.7
2007,Spain,11.1
2007,Sweden,7.0
2007,Switzerland,9.9
2007,Turkey,1.3
2007,United Kingdom,11.1
2007,United States of America,8.7
2007,Brazil,6.9
2007,Chile,7.4
2007,China,3.9
2007,Estonia,14.8
2007,India,1.6
2007,Indonesia,0.1
2007,Israel,2.5
2007,Slovenia,11.0
2007,South Africa,7.5
2007,Colombia,4.5
2007,Latvia,12.1
2007,Lithuania,13.9
2007,Costa Rica,4.3
2007,Argentina,8.2
2007,Bulgaria,10.7
2007,Croatia,11.4
2007,Peru,4.5
2007,Romania,11.1
2008,Australia,10.8
2008,Austria,12.0
2008,Belgium,10.5
2008,Canada,8.4
2008,Czech Republic,12.1
2008,Denmark,11.3
2008,Finland,10.3
2008,France,12.5
2008,Germany,11.4
2008,Greece,8.7
2008,Hungary,11.8
2008,Iceland,7.2
2008,Ireland,12.2
2008,Italy,8.0
2008,Japan,7.5
2008,South Korea,9.5
2008,Luxembourg,12.0
2008,Mexico,4.0
2008,Netherlands,9.7
2008,New Zealand,9.5
2008,Norway,6.8
2008,Poland,10.8
2008,Portugal,11.5
2008,Slovakia,11.2
2008,Spain,10.2
2008,Sweden,7.0
2008,Switzerland,9.9
2008,Turkey,1.5
2008,United Kingdom,10.8
2008,United States of America,8.7
2008,Brazil,6.8
2008,Chile,7.4
2008,China,4.3
2008,Estonia,14.2
2008,India,1.9
2008,Indonesia,0.1
2008,Israel,2.6
2008,Russia,18.4
2008,Slovenia,11.0
2008,South Africa,7.5
2008,Colombia,4.4
2008,Latvia,11.8
2008,Lithuania,13.9
2008,Costa Rica,4.3
2008,Argentina,8.4
2008,Bulgaria,10.7
2008,Croatia,11.4
2008,Peru,5.0
2008,Romania,12.4
2009,Australia,10.7
2009,Austria,11.8
2009,Belgium,10.1
2009,Canada,8.4
2009,Czech Republic,12.1
2009,Denmark,10.6
2009,Finland,10.0
2009,France,12.6
2009,Germany,11.2
2009,Greece,8.3
2009,Hungary,11.5
2009,Iceland,7.2
2009,Ireland,11.0
2009,Italy,7.3
2009,Japan,7.4
2009,South Korea,8.9
2009,Luxembourg,11.9
2009,Mexico,4.3
2009,Netherlands,9.4
2009,New Zealand,9.3
2009,Norway,6.7
2009,Poland,10.2
2009,Portugal,11.5
2009,Slovakia,10.7
2009,Spain,10.0
2009,Sweden,7.3
2009,Switzerland,9.6
2009,Turkey,1.5
2009,United Kingdom,10.1
2009,United States of America,8.7
2009,Brazil,7.0
2009,Chile,7.2
2009,China,4.9
2009,Estonia,11.9
2009,India,2.5
2009,Indonesia,0.1
2009,Israel,2.7
2009,Russia,16.1
2009,Slovenia,10.5
2009,South Africa,7.3
2009,Colombia,4.2
2009,Latvia,9.9
2009,Lithuania,13.1
2009,Costa Rica,4.1
2009,Argentina,8.3
2009,Bulgaria,10.5
2009,Croatia,11.1
2009,Peru,5.0
2009,Romania,11.0
2010,Australia,10.4
2010,Austria,12.1
2010,Belgium,10.3
2010,Canada,8.4
2010,Czech Republic,11.4
2010,Denmark,10.8
2010,Finland,9.7
2010,France,12.3
2010,Germany,11.6
2010,Greece,8.3
2010,Hungary,10.8
2010,Iceland,6.8
2010,Ireland,11.6
2010,Italy,7.0
2010,Japan,7.3
2010,South Korea,8.9
2010,Luxembourg,11.9
2010,Mexico,4.0
2010,Netherlands,9.1
2010,New Zealand,9.6
2010,Norway,6.6
2010,Poland,10.0
2010,Portugal,11.3
2010,Slovakia,10.1
2010,Spain,9.8
2010,Sweden,7.4
2010,Switzerland,9.7
2010,Turkey,1.5
2010,United Kingdom,10.1
2010,United States of America,8.6
2010,Brazil,7.2
2010,Chile,7.6
2010,China,5.8
2010,Estonia,11.4
2010,India,2.7
2010,Indonesia,0.1
2010,Israel,2.8
2010,Russia,15.8
2010,Slovenia,10.3
2010,South Africa,7.1
2010,Colombia,4.2
2010,Latvia,9.8
2010,Lithuania,13.5
2010,Costa Rica,3.7
2010,Argentina,8.2
2010,Bulgaria,9.8
2010,Croatia,10.7
2010,Peru,5.2
2010,Romania,10.0
2011,Australia,10.2
2011,Austria,11.9
2011,Belgium,10.1
2011,Canada,8.2
2011,Czech Republic,11.5
2011,Denmark,11.0
2011,Finland,9.8
2011,France,12.4
2011,Germany,11.3
2011,Greece,7.5
2011,Hungary,11.4
2011,Iceland,6.8
2011,Ireland,11.7
2011,Italy,7.0
2011,Japan,7.3
2011,South Korea,8.9
2011,Luxembourg,11.8
2011,Mexico,4.0
2011,Netherlands,9.0
2011,New Zealand,9.5
2011,Norway,6.4
2011,Poland,10.3
2011,Portugal,10.9
2011,Slovakia,10.2
2011,Spain,9.6
2011,Sweden,7.3
2011,Switzerland,9.5
2011,Turkey,1.5
2011,United Kingdom,9.9
2011,United States of America,8.7
2011,Brazil,7.1
2011,Chile,7.1
2011,China,5.4
2011,Estonia,12.0
2011,India,3.0
2011,Indonesia,0.1
2011,Israel,2.8
2011,Russia,15.4
2011,Slovenia,10.6
2011,South Africa,7.2
2011,Colombia,4.3
2011,Latvia,10.1
2011,Lithuania,14.7
2011,Costa Rica,3.3
2011,Argentina,7.7
2011,Bulgaria,9.9
2011,Croatia,11.0
2011,Peru,5.2
2011,Romania,9.6
2012,Australia,10.0
2012,Austria,12.1
2012,Belgium,10.1
2012,Canada,8.3
2012,Czech Republic,11.6
2012,Denmark,9.8
2012,Finland,9.3
2012,France,12.2
2012,Germany,11.3
2012,Greece,7.6
2012,Hungary,11.1
2012,Iceland,6.8
2012,Ireland,11.5
2012,Italy,7.5
2012,Japan,7.2
2012,South Korea,9.0
2012,Luxembourg,11.8
2012,Mexico,3.9
2012,Netherlands,9.1
2012,New Zealand,9.2
2012,Norway,6.2
2012,Poland,10.2
2012,Portugal,9.8
2012,Slovakia,10.1
2012,Spain,9.4
2012,Sweden,7.2
2012,Switzerland,9.3
2012,Turkey,1.6
2012,United Kingdom,9.6
2012,United States of America,8.9
2012,Brazil,7.1
2012,Chile,8.3
2012,China,5.5
2012,Estonia,12.1
2012,India,3.0
2012,Indonesia,0.1
2012,Israel,2.9
2012,Russia,14.8
2012,Slovenia,11.0
2012,South Africa,7.2
2012,Colombia,4.4
2012,Latvia,10.2
2012,Lithuania,14.7
2012,Costa Rica,3.2
2012,Argentina,8.0
2012,Bulgaria,10.9
2012,Croatia,10.6
2012,Peru,5.4
2012,Romania,9.7
2013,Australia,9.9
2013,Austria,11.9
2013,Belgium,10.3
2013,Canada,8.2
2013,Czech Republic,11.5
2013,Denmark,10.0
2013,Finland,9.1
2013,France,11.6
2013,Germany,11.1
2013,Greece,7.6
2013,Hungary,10.6
2013,Iceland,6.8
2013,Ireland,10.6
2013,Italy,7.4
2013,Japan,7.4
2013,South Korea,8.7
2013,Luxembourg,11.4
2013,Mexico,3.8
2013,Netherlands,8.7
2013,New Zealand,9.2
2013,Norway,6.2
2013,Poland,10.8
2013,Portugal,9.5
2013,Slovakia,9.9
2013,Spain,9.2
2013,Sweden,7.3
2013,Switzerland,9.3
2013,Turkey,1.4
2013,United Kingdom,9.4
2013,United States of America,8.8
2013,Brazil,6.9
2013,Chile,7.2
2013,China,5.6
2013,Estonia,11.9
2013,India,3.0
2013,Indonesia,0.1
2013,Israel,2.9
2013,Russia,14.1
2013,Slovenia,9.5
2013,South Africa,7.2
2013,Colombia,4.3
2013,Latvia,10.4
2013,Lithuania,14.5
2013,Costa Rica,3.1
2013,Argentina,8.3
2013,Bulgaria,10.3
2013,Croatia,10.4
2013,Peru,5.3
2013,Romania,9.7
2014,Australia,9.7
2014,Austria,12.2
2014,Belgium,10.6
2014,Canada,8.0
2014,Czech Republic,11.9
2014,Denmark,10.1
2014,Finland,8.8
2014,France,12.0
2014,Germany,11.1
2014,Greece,7.1
2014,Hungary,10.9
2014,Iceland,7.0
2014,Ireland,10.8
2014,Italy,7.6
2014,Japan,7.1
2014,South Korea,8.9
2014,Luxembourg,11.6
2014,Mexico,4.0
2014,Netherlands,8.4
2014,New Zealand,9.1
2014,Norway,6.1
2014,Poland,10.5
2014,Portugal,10.2
2014,Slovakia,10.1
2014,Spain,9.5
2014,Sweden,7.2
2014,Switzerland,9.1
2014,Turkey,1.5
2014,United Kingdom,9.4
2014,United States of America,8.8
2014,Brazil,6.9
2014,Chile,7.9
2014,China,5.7
2014,Estonia,11.1
2014,India,3.0
2014,Indonesia,0.1
2014,Israel,2.7
2014,Russia,14.0
2014,Slovenia,10.9
2014,South Africa,7.2
2014,Colombia,4.2
2014,Latvia,10.6
2014,Lithuania,14.2
2014,Costa Rica,3.2
2014,Argentina,7.9
2014,Bulgaria,10.3
2014,Croatia,9.5
2014,Peru,5.5
2014,Romania,9.5
2015,Australia,9.8
2015,Austria,11.2
2015,Belgium,10.4
2015,Canada,8.0
2015,Czech Republic,11.5
2015,Denmark,9.9
2015,Finland,8.5
2015,France,11.9
2015,Germany,11.1
2015,Greece,6.7
2015,Hungary,10.8
2015,Iceland,7.7
2015,Ireland,10.7
2015,Italy,7.1
2015,Japan,7.2
2015,South Korea,9.1
2015,Luxembourg,11.5
2015,Mexico,4.3
2015,Netherlands,8.3
2015,New Zealand,8.7
2015,Norway,6.0
2015,Poland,10.5
2015,Portugal,10.3
2015,Slovakia,10.2
2015,Spain,10.4
2015,Sweden,7.1
2015,Switzerland,8.9
2015,Turkey,1.4
2015,United Kingdom,9.5
2015,United States of America,8.8
2015,Brazil,6.6
2015,Chile,7.9
2015,China,5.7
2015,Estonia,10.6
2015,India,3.0
2015,Indonesia,0.1
2015,Israel,2.7
2015,Russia,13.3
2015,Slovenia,11.5
2015,South Africa,7.2
2015,Colombia,4.2
2015,Latvia,10.8
2015,Lithuania,14.0
2015,Costa Rica,3.2
2015,Argentina,8.5
2015,Bulgaria,10.9
2015,Croatia,9.6
2015,Peru,5.7
2015,Romania,9.5
2016,Australia,9.5
2016,Austria,11.4
2016,Belgium,9.4
2016,Canada,8.1
2016,Czech Republic,11.7
2016,Denmark,10.0
2016,Finland,8.4
2016,France,11.7
2016,Germany,11.0
2016,Greece,6.7
2016,Hungary,11.1
2016,Iceland,7.5
2016,Ireland,11.2
2016,Italy,7.1
2016,Japan,7.2
2016,South Korea,8.7
2016,Luxembourg,11.4
2016,Mexico,4.4
2016,Netherlands,8.2
2016,New Zealand,8.9
2016,Norway,6.0
2016,Poland,10.5
2016,Portugal,10.4
2016,Slovakia,9.9
2016,Spain,10.9
2016,Sweden,7.2
2016,Switzerland,8.7
2016,Turkey,1.3
2016,United Kingdom,9.5
2016,United States of America,8.9
2016,Brazil,6.4
2016,Chile,6.4
2016,China,5.6
2016,Estonia,10.2
2016,India,3.0
2016,Indonesia,0.1
2016,Israel,2.7
2016,Russia,13.0
2016,Slovenia,10.5
2016,South Africa,7.3
2016,Colombia,4.5
2016,Latvia,11.3
2016,Lithuania,13.2
2016,Costa Rica,3.4
2016,Argentina,8.4
2016,Bulgaria,11.1
2016,Croatia,10.0
2016,Peru,5.6
2016,Romania,9.6
2017,Australia,9.5
2017,Austria,11.3
2017,Belgium,9.3
2017,Canada,8.2
2017,Czech Republic,11.6
2017,Denmark,9.7
2017,Finland,8.4
2017,France,11.7
2017,Germany,10.9
2017,Greece,6.7
2017,Hungary,10.7
2017,Iceland,7.7
2017,Ireland,11.0
2017,Italy,7.4
2017,Japan,7.2
2017,South Korea,8.7
2017,Luxembourg,11.3
2017,Mexico,4.7
2017,Netherlands,8.3
2017,New Zealand,8.8
2017,Norway,6.0
2017,Poland,10.6
2017,Portugal,10.4
2017,Slovakia,9.7
2017,Spain,10.9
2017,Sweden,7.0
2017,Switzerland,8.6
2017,Turkey,1.4
2017,United Kingdom,9.7
2017,United States of America,8.9
2017,Brazil,6.3
2017,Chile,5.7
2017,China,5.3
2017,Estonia,10.3
2017,India,2.9
2017,Indonesia,0.1
2017,Israel,2.9
2017,Russia,11.1
2017,Slovenia,10.1
2017,South Africa,7.3
2017,Colombia,4.2
2017,Latvia,10.9
2017,Lithuania,12.3
2017,Costa Rica,3.3
2017,Argentina,8.3
2017,Bulgaria,10.9
2017,Croatia,9.7
2017,Peru,5.8
2017,Romania,10.1
2018,Austria,11.3
2018,Belgium,9.2
2018,Canada,8.2
2018,Czech Republic,11.8
2018,Denmark,9.7
2018,Finland,8.4
2018,France,11.6
2018,Germany,10.9
2018,Greece,6.5
2018,Hungary,11.4
2018,Iceland,7.7
2018,Ireland,11.0
2018,Italy,7.8
2018,Japan,7.2
2018,South Korea,8.5
2018,Luxembourg,11.1
2018,Mexico,4.8
2018,Netherlands,8.3
2018,New Zealand,8.8
2018,Norway,6.0
2018,Poland,10.7
2018,Portugal,10.4
2018,Slovakia,10.1
2018,Spain,10.4
2018,Sweden,7.2
2018,Switzerland,8.5
2018,Turkey,1.4
2018,United Kingdom,9.8
2018,United States of America,8.9
2018,Brazil,6.2
2018,Chile,6.3
2018,China,4.8
2018,Estonia,10.0
2018,India,3.0
2018,Indonesia,0.1
2018,Israel,3.0
2018,Russia,11.1
2018,Slovenia,10.0
2018,South Africa,7.2
2018,Colombia,4.2
2018,Latvia,11.0
2018,Lithuania,11.2
2018,Costa Rica,3.3
2018,Argentina,8.0
2018,Bulgaria,11.5
2018,Croatia,9.6
2018,Peru,5.7
2018,Romania,11.0
2019,Austria,11.6
2019,Belgium,9.2
2019,Canada,8.0
2019,Czech Republic,11.9
2019,Denmark,9.5
2019,Finland,8.2
2019,France,11.4
2019,Germany,10.6
2019,Greece,6.3
2019,Hungary,10.7
2019,Iceland,7.4
2019,Ireland,10.8
2019,Italy,7.7
2019,Japan,7.1
2019,South Korea,8.3
2019,Luxembourg,11.0
2019,Mexico,4.9
2019,Netherlands,8.2
2019,New Zealand,8.8
2019,Norway,6.1
2019,Poland,11.0
2019,Portugal,10.4
2019,Slovakia,10.3
2019,Spain,10.7
2019,Sweden,7.1
2019,Switzerland,8.7
2019,Turkey,1.3
2019,United Kingdom,9.7
2019,United States of America,9.0
2019,Brazil,6.1
2019,Chile,7.1
2019,China,4.5
2019,Estonia,10.4
2019,India,3.1
2019,Indonesia,0.1
2019,Israel,3.1
2019,Russia,10.8
2019,Slovenia,11.1
2019,South Africa,7.2
2019,Colombia,4.1
2019,Latvia,11.6
2019,Lithuania,11.1
2019,Costa Rica,3.1
2019,Argentina,8.0
2019,Bulgaria,11.2
2019,Croatia,9.6
2019,Peru,5.7
2019,Romania,11.0
2020,Austria,11.3
2020,Canada,8.1
2020,Czech Republic,11.6
2020,Denmark,9.7
2020,Finland,8.2
2020,France,10.4
2020,Hungary,10.4
2020,Iceland,7.4
2020,Ireland,10.1
2020,Japan,6.7
2020,South Korea,7.9
2020,Mexico,4.2
2020,Netherlands,7.8
2020,New Zealand,8.7
2020,Norway,7.2
2020,Poland,10.9
2020,Slovakia,10.2
2020,Spain,8.7
2020,Sweden,7.5
2020,Switzerland,8.5
2020,Turkey,1.2
2020,United Kingdom,9.7
2020,United States of America,9.2
2020,Estonia,10.8
2020,Slovenia,9.8
2020,Latvia,12.1
2020,Lithuania,11.4
2020,Costa Rica,3.2
2021,Austria,11.1
2021,Canada,8.3
2021,Czech Republic,11.6
2021,Denmark,10.4
2021,Finland,8.1
2021,France,10.5
2021,Hungary,10.4
2021,Ireland,9.5
2021,Japan,6.6
2021,South Korea,7.7
2021,Mexico,5.1
2021,Netherlands,8.1
2021,New Zealand,8.8
2021,Norway,7.4
2021,Poland,11.0
2021,Slovakia,9.6
2021,Spain,10.5
2021,Sweden,7.6
2021,Switzerland,8.5
2021,Turkey,1.4
2021,United Kingdom,10.0
2021,United States of America,9.5
2021,Estonia,11.1
2021,Slovenia,10.6
2021,Latvia,12.2
2021,Lithuania,12.1
2021,Costa Rica,3.1
