COUNTRY,YEAR,VALUE,COLOR
Albania,2019,5.11,#f05ef4
Albania,1962,1.17,#f05ef4
Albania,1963,0.91,#f05ef4
Albania,1964,1.04,#f05ef4
Albania,1965,1.04,#f05ef4
Albania,1966,1.03,#f05ef4
Albania,1967,1.17,#f05ef4
Albania,1968,1.44,#f05ef4
Albania,1969,1.73,#f05ef4
Albania,1970,1.77,#f05ef4
Albania,1971,1.2,#f05ef4
Albania,1972,1.56,#f05ef4
Albania,1973,1.59,#f05ef4
Albania,1974,1.58,#f05ef4
Albania,1975,1.35,#f05ef4
Albania,1976,1.33,#f05ef4
Albania,1977,1.37,#f05ef4
Albania,1978,1.65,#f05ef4
Albania,1979,1.4,#f05ef4
Albania,1980,1.79,#f05ef4
Albania,1981,1.84,#f05ef4
Albania,1982,1.51,#f05ef4
Albania,1983,1.68,#f05ef4
Albania,1984,1.58,#f05ef4
Albania,1985,1.6,#f05ef4
Albania,1986,1.39,#f05ef4
Albania,1987,1.63,#f05ef4
Albania,1988,1.67,#f05ef4
Albania,1989,1.73,#f05ef4
Albania,1990,2.03,#f05ef4
Albania,1991,1.28,#f05ef4
Albania,1992,1.35,#f05ef4
Albania,1993,1.49,#f05ef4
Albania,1994,2.77,#f05ef4
Albania,1995,2.87,#f05ef4
Albania,1996,3.12,#f05ef4
Albania,1997,2.22,#f05ef4
Albania,1998,1.54,#f05ef4
Albania,1999,2.19,#f05ef4
Albania,2000,3.98,#f05ef4
Albania,2001,4.71,#f05ef4
Albania,2002,4.01,#f05ef4
Albania,2003,4.43,#f05ef4
Albania,2004,4.67,#f05ef4
Albania,2005,5.3,#f05ef4
Albania,2006,5.46,#f05ef4
Albania,2007,5.76,#f05ef4
Albania,2008,5.82,#f05ef4
Albania,2009,6.04,#f05ef4
Albania,2010,5.53,#f05ef4
Albania,2011,5.65,#f05ef4
Albania,2012,5.43,#f05ef4
Albania,2013,5.06,#f05ef4
Albania,2014,4.81,#f05ef4
Albania,2015,4.77,#f05ef4
Albania,2016,5.07,#f05ef4
Andorra,2019,11.05,#8d94f4
Andorra,2000,11.96,#8d94f4
Andorra,2001,12.03,#8d94f4
Andorra,2002,11.53,#8d94f4
Andorra,2003,10.97,#8d94f4
Andorra,2004,10.8,#8d94f4
Andorra,2005,11.96,#8d94f4
Andorra,2006,12.03,#8d94f4
Andorra,2007,11.53,#8d94f4
Andorra,2008,10.97,#8d94f4
Andorra,2009,10.8,#8d94f4
Andorra,2010,10.64,#8d94f4
Andorra,2011,10.31,#8d94f4
Andorra,2012,10.06,#8d94f4
Andorra,2013,9.78,#8d94f4
Andorra,2014,9.95,#8d94f4
Andorra,2015,9.97,#8d94f4
Andorra,2016,10.06,#8d94f4
Austria,2019,11.97,#8d94f4
Austria,1960,8.91,#c080f4
Austria,1961,9.31,#c080f4
Austria,1962,9.7,#c080f4
Austria,1963,9.8,#c080f4
Austria,1964,10.7,#c080f4
Austria,1965,11.6,#c080f4
Austria,1966,12.4,#c080f4
Austria,1967,13.1,#c080f4
Austria,1968,13.2,#c080f4
Austria,1969,13.0,#c080f4
Austria,1970,13.4,#c080f4
Austria,1971,13.6,#c080f4
Austria,1972,14.2,#c080f4
Austria,1973,14.6,#c080f4
Austria,1974,14.5,#c080f4
Austria,1975,14.1,#c080f4
Austria,1976,14.3,#c080f4
Austria,1977,14.2,#c080f4
Austria,1978,14.0,#c080f4
Austria,1979,13.4,#c080f4
Austria,1980,13.6,#c080f4
Austria,1981,13.5,#c080f4
Austria,1982,13.5,#c080f4
Austria,1983,14.0,#c080f4
Austria,1984,13.9,#c080f4
Austria,1985,13.3,#c080f4
Austria,1986,13.6,#c080f4
Austria,1987,13.5,#c080f4
Austria,1988,13.7,#c080f4
Austria,1989,13.9,#c080f4
Austria,1990,13.9,#c080f4
Austria,1991,14.1,#c080f4
Austria,1992,13.6,#c080f4
Austria,1993,13.5,#c080f4
Austria,1994,12.5,#c080f4
Austria,1995,13.4,#c080f4
Austria,1996,13.5,#c080f4
Austria,1997,12.9,#c080f4
Austria,1998,12.9,#c080f4
Austria,1999,12.8,#c080f4
Austria,2000,13.2,#c080f4
Austria,2001,12.4,#c080f4
Austria,2002,12.5,#c080f4
Austria,2003,12.2,#c080f4
Austria,2004,12.1,#c080f4
Austria,2005,12.4,#c080f4
Austria,2006,12.4,#c080f4
Austria,2007,12.5,#c080f4
Austria,2008,12.0,#c080f4
Austria,2009,11.3,#c080f4
Austria,2010,12.1,#c080f4
Austria,2011,11.9,#c080f4
Austria,2012,12.1,#c080f4
Austria,2013,11.6,#c080f4
Austria,2014,12.2,#c080f4
Austria,2015,11.4,#c080f4
Austria,2016,11.1,#c080f4
Belarus,2019,10.9,#df6df4
Belarus,1980,13.23,#df6df4
Belarus,1981,13.2,#df6df4
Belarus,1982,12.67,#df6df4
Belarus,1983,12.43,#df6df4
Belarus,1984,12.7,#df6df4
Belarus,1985,11.41,#df6df4
Belarus,1986,7.57,#df6df4
Belarus,1987,5.71,#df6df4
Belarus,1988,4.55,#df6df4
Belarus,1989,7.98,#df6df4
Belarus,1990,7.85,#df6df4
Belarus,1991,8.87,#df6df4
Belarus,1992,8.7,#df6df4
Belarus,1993,10.23,#df6df4
Belarus,1994,9.86,#df6df4
Belarus,1995,9.35,#df6df4
Belarus,1996,10.45,#df6df4
Belarus,1997,11.02,#df6df4
Belarus,1998,11.72,#df6df4
Belarus,1999,12.72,#df6df4
Belarus,2000,12.92,#df6df4
Belarus,2001,10.74,#df6df4
Belarus,2002,12.23,#df6df4
Belarus,2003,11.17,#df6df4
Belarus,2004,12.08,#df6df4
Belarus,2005,11.05,#df6df4
Belarus,2006,12.53,#df6df4
Belarus,2007,13.86,#df6df4
Belarus,2008,14.54,#df6df4
Belarus,2009,13.97,#df6df4
Belarus,2010,13.88,#df6df4
Belarus,2011,15.05,#df6df4
Belarus,2012,14.14,#df6df4
Belarus,2013,12.37,#df6df4
Belarus,2014,11.71,#df6df4
Belarus,2015,10.09,#df6df4
Belarus,2016,10.05,#df6df4
Belgium,2019,10.28,#af9c31
Belgium,1960,9.69,#af9c31
Belgium,1961,9.73,#af9c31
Belgium,1962,9.8,#af9c31
Belgium,1963,9.88,#af9c31
Belgium,1964,10.48,#af9c31
Belgium,1965,10.76,#af9c31
Belgium,1966,10.3,#af9c31
Belgium,1967,10.73,#af9c31
Belgium,1968,11.15,#af9c31
Belgium,1969,11.46,#af9c31
Belgium,1970,12.43,#af9c31
Belgium,1971,12.62,#af9c31
Belgium,1972,13.0,#af9c31
Belgium,1973,13.81,#af9c31
Belgium,1974,13.35,#af9c31
Belgium,1975,13.46,#af9c31
Belgium,1976,13.6,#af9c31
Belgium,1977,13.47,#af9c31
Belgium,1978,13.4,#af9c31
Belgium,1979,13.56,#af9c31
Belgium,1980,13.99,#af9c31
Belgium,1981,13.25,#af9c31
Belgium,1982,13.72,#af9c31
Belgium,1983,13.55,#af9c31
Belgium,1984,13.26,#af9c31
Belgium,1985,13.14,#af9c31
Belgium,1986,12.72,#af9c31
Belgium,1987,13.16,#af9c31
Belgium,1988,12.52,#af9c31
Belgium,1989,11.61,#af9c31
Belgium,1990,12.18,#af9c31
Belgium,1991,11.44,#af9c31
Belgium,1992,11.65,#af9c31
Belgium,1993,11.66,#af9c31
Belgium,1994,11.12,#af9c31
Belgium,1995,11.04,#af9c31
Belgium,1996,10.94,#af9c31
Belgium,1997,10.92,#af9c31
Belgium,1998,9.92,#af9c31
Belgium,1999,10.1,#af9c31
Belgium,2000,11.25,#af9c31
Belgium,2001,11.05,#af9c31
Belgium,2002,11.33,#af9c31
Belgium,2003,11.31,#af9c31
Belgium,2004,12.06,#af9c31
Belgium,2005,12.21,#af9c31
Belgium,2006,10.94,#af9c31
Belgium,2007,13.43,#af9c31
Belgium,2008,10.51,#af9c31
Belgium,2009,10.1,#af9c31
Belgium,2010,10.27,#af9c31
Belgium,2011,10.14,#af9c31
Belgium,2012,10.09,#af9c31
Belgium,2013,10.33,#af9c31
Belgium,2014,10.57,#af9c31
Belgium,2015,10.36,#af9c31
Belgium,2016,10.32,#af9c31
Belgium,2016,10.2,#af9c31
Bosnia and Herzegovina,2019,6.38,
Bosnia and Herzegovina,1990,11.87,#37aaba
Bosnia and Herzegovina,1991,13.79,#37aaba
Bosnia and Herzegovina,1992,10.03,#37aaba
Bosnia and Herzegovina,1993,8.55,#37aaba
Bosnia and Herzegovina,1994,8.19,#37aaba
Bosnia and Herzegovina,1995,8.47,#37aaba
Bosnia and Herzegovina,1996,9.68,#37aaba
Bosnia and Herzegovina,1997,10.0,#37aaba
Bosnia and Herzegovina,1998,8.37,#37aaba
Bosnia and Herzegovina,1999,8.57,#37aaba
Bosnia and Herzegovina,2000,3.69,#37aaba
Bosnia and Herzegovina,2001,3.95,#37aaba
Bosnia and Herzegovina,2002,3.89,#37aaba
Bosnia and Herzegovina,2003,4.12,#37aaba
Bosnia and Herzegovina,2004,4.22,#37aaba
Bosnia and Herzegovina,2005,4.53,#37aaba
Bosnia and Herzegovina,2006,4.78,#37aaba
Bosnia and Herzegovina,2007,5.11,#37aaba
Bosnia and Herzegovina,2008,5.09,#37aaba
Bosnia and Herzegovina,2009,4.71,#37aaba
Bosnia and Herzegovina,2010,4.5,#37aaba
Bosnia and Herzegovina,2011,4.65,#37aaba
Bosnia and Herzegovina,2012,4.69,#37aaba
Bosnia and Herzegovina,2013,4.43,#37aaba
Bosnia and Herzegovina,2014,4.34,#37aaba
Bosnia and Herzegovina,2015,4.33,#37aaba
Bosnia and Herzegovina,2016,4.44,#37aaba
Bulgaria,2019,11.92,#f76e99
Bulgaria,1963,7.25,#f76e99
Bulgaria,1964,6.52,#f76e99
Bulgaria,1965,7.25,#f76e99
Bulgaria,1966,7.31,#f76e99
Bulgaria,1967,7.84,#f76e99
Bulgaria,1968,9.01,#f76e99
Bulgaria,1969,8.71,#f76e99
Bulgaria,1970,8.44,#f76e99
Bulgaria,1971,8.88,#f76e99
Bulgaria,1972,9.18,#f76e99
Bulgaria,1973,10.14,#f76e99
Bulgaria,1974,10.22,#f76e99
Bulgaria,1975,10.15,#f76e99
Bulgaria,1976,10.86,#f76e99
Bulgaria,1977,10.52,#f76e99
Bulgaria,1978,11.27,#f76e99
Bulgaria,1979,10.91,#f76e99
Bulgaria,1980,10.84,#f76e99
Bulgaria,1981,11.34,#f76e99
Bulgaria,1982,11.2,#f76e99
Bulgaria,1983,10.96,#f76e99
Bulgaria,1984,11.37,#f76e99
Bulgaria,1985,10.92,#f76e99
Bulgaria,1986,11.47,#f76e99
Bulgaria,1987,10.91,#f76e99
Bulgaria,1988,11.17,#f76e99
Bulgaria,1989,11.43,#f76e99
Bulgaria,1990,11.46,#f76e99
Bulgaria,1991,9.47,#f76e99
Bulgaria,1992,10.15,#f76e99
Bulgaria,1993,9.86,#f76e99
Bulgaria,1994,9.7,#f76e99
Bulgaria,1995,9.51,#f76e99
Bulgaria,1996,9.18,#f76e99
Bulgaria,1997,8.13,#f76e99
Bulgaria,1998,7.86,#f76e99
Bulgaria,1999,7.65,#f76e99
Bulgaria,2000,10.08,#f76e99
Bulgaria,2001,11.21,#f76e99
Bulgaria,2002,10.61,#f76e99
Bulgaria,2003,11.19,#f76e99
Bulgaria,2004,10.97,#f76e99
Bulgaria,2005,10.53,#f76e99
Bulgaria,2006,10.42,#f76e99
Bulgaria,2007,10.92,#f76e99
Bulgaria,2008,11.01,#f76e99
Bulgaria,2009,10.96,#f76e99
Bulgaria,2010,10.83,#f76e99
Bulgaria,2011,11.05,#f76e99
Bulgaria,2012,11.3,#f76e99
Bulgaria,2013,10.74,#f76e99
Bulgaria,2014,10.67,#f76e99
Bulgaria,2015,11.3,#f76e99
Bulgaria,2016,11.49,#f76e99
Croatia,2019,8.54,#b79932
Croatia,1987,13.51,#b79932
Croatia,1988,11.07,#b79932
Croatia,1989,10.92,#b79932
Croatia,1990,15.9,#b79932
Croatia,1991,13.69,#b79932
Croatia,1992,11.47,#b79932
Croatia,1993,11.26,#b79932
Croatia,1994,11.61,#b79932
Croatia,1995,10.91,#b79932
Croatia,1996,11.1,#b79932
Croatia,1997,13.21,#b79932
Croatia,1998,13.84,#b79932
Croatia,1999,12.15,#b79932
Croatia,2000,14.06,#b79932
Croatia,2001,14.56,#b79932
Croatia,2002,14.83,#b79932
Croatia,2003,13.8,#b79932
Croatia,2004,13.12,#b79932
Croatia,2005,11.58,#b79932
Croatia,2006,11.84,#b79932
Croatia,2007,12.28,#b79932
Croatia,2008,12.3,#b79932
Croatia,2009,12.07,#b79932
Croatia,2010,12.11,#b79932
Croatia,2011,12.43,#b79932
Croatia,2012,11.92,#b79932
Croatia,2013,11.64,#b79932
Croatia,2014,10.64,#b79932
Croatia,2015,9.89,#b79932
Croatia,2016,10.32,#b79932
Czechia,2019,13.29,#35ae93
Czechia,1961,9.0,#35ae93
Czechia,1962,9.12,#35ae93
Czechia,1963,9.06,#35ae93
Czechia,1964,9.36,#35ae93
Czechia,1965,10.18,#35ae93
Czechia,1966,10.49,#35ae93
Czechia,1967,10.64,#35ae93
Czechia,1968,10.61,#35ae93
Czechia,1969,11.42,#35ae93
Czechia,1970,11.9,#35ae93
Czechia,1971,11.57,#35ae93
Czechia,1972,12.66,#35ae93
Czechia,1973,12.95,#35ae93
Czechia,1974,13.11,#35ae93
Czechia,1975,13.33,#35ae93
Czechia,1976,13.62,#35ae93
Czechia,1977,14.2,#35ae93
Czechia,1978,14.64,#35ae93
Czechia,1979,13.17,#35ae93
Czechia,1980,13.99,#35ae93
Czechia,1981,14.23,#35ae93
Czechia,1982,14.12,#35ae93
Czechia,1983,14.14,#35ae93
Czechia,1984,14.29,#35ae93
Czechia,1985,14.24,#35ae93
Czechia,1986,13.01,#35ae93
Czechia,1987,13.2,#35ae93
Czechia,1988,12.84,#35ae93
Czechia,1989,13.01,#35ae93
Czechia,1990,12.98,#35ae93
Czechia,1991,13.74,#35ae93
Czechia,1992,14.39,#35ae93
Czechia,1993,13.72,#35ae93
Czechia,1994,13.83,#35ae93
Czechia,1995,13.74,#35ae93
Czechia,1996,13.78,#35ae93
Czechia,1997,14.05,#35ae93
Czechia,1998,13.92,#35ae93
Czechia,1999,13.85,#35ae93
Czechia,2000,13.98,#35ae93
Czechia,2001,13.75,#35ae93
Czechia,2002,13.72,#35ae93
Czechia,2003,13.88,#35ae93
Czechia,2004,13.31,#35ae93
Czechia,2005,13.26,#35ae93
Czechia,2006,13.12,#35ae93
Czechia,2007,13.35,#35ae93
Czechia,2008,13.35,#35ae93
Czechia,2009,13.31,#35ae93
Czechia,2010,12.65,#35ae93
Czechia,2011,12.61,#35ae93
Czechia,2012,12.97,#35ae93
Czechia,2013,12.84,#35ae93
Czechia,2014,13.06,#35ae93
Czechia,2015,12.82,#35ae93
Czechia,2016,12.99,#35ae93
Denmark,2019,9.4,#9f8ef4
Denmark,1961,6.54,#9f8ef4
Denmark,1962,6.56,#9f8ef4
Denmark,1963,6.65,#9f8ef4
Denmark,1964,7.23,#9f8ef4
Denmark,1965,7.0,#9f8ef4
Denmark,1966,7.67,#9f8ef4
Denmark,1967,7.89,#9f8ef4
Denmark,1968,8.06,#9f8ef4
Denmark,1969,8.86,#9f8ef4
Denmark,1970,9.58,#9f8ef4
Denmark,1971,9.4,#9f8ef4
Denmark,1972,10.1,#9f8ef4
Denmark,1973,10.89,#9f8ef4
Denmark,1974,10.68,#9f8ef4
Denmark,1975,11.47,#9f8ef4
Denmark,1976,11.84,#9f8ef4
Denmark,1977,11.43,#9f8ef4
Denmark,1978,10.91,#9f8ef4
Denmark,1979,11.41,#9f8ef4
Denmark,1980,11.5,#9f8ef4
Denmark,1981,12.09,#9f8ef4
Denmark,1982,12.47,#9f8ef4
Denmark,1983,12.81,#9f8ef4
Denmark,1984,12.4,#9f8ef4
Denmark,1985,12.2,#9f8ef4
Denmark,1986,12.26,#9f8ef4
Denmark,1987,11.74,#9f8ef4
Denmark,1988,11.9,#9f8ef4
Denmark,1989,11.65,#9f8ef4
Denmark,1990,11.85,#9f8ef4
Denmark,1991,11.76,#9f8ef4
Denmark,1992,11.94,#9f8ef4
Denmark,1993,11.89,#9f8ef4
Denmark,1994,12.14,#9f8ef4
Denmark,1995,12.16,#9f8ef4
Denmark,1996,12.27,#9f8ef4
Denmark,1997,12.2,#9f8ef4
Denmark,1998,11.69,#9f8ef4
Denmark,1999,11.62,#9f8ef4
Denmark,2000,11.68,#9f8ef4
Denmark,2001,11.55,#9f8ef4
Denmark,2002,11.33,#9f8ef4
Denmark,2003,11.54,#9f8ef4
Denmark,2004,11.27,#9f8ef4
Denmark,2005,11.27,#9f8ef4
Denmark,2006,11.02,#9f8ef4
Denmark,2007,11.0,#9f8ef4
Denmark,2008,10.71,#9f8ef4
Denmark,2009,10.09,#9f8ef4
Denmark,2010,10.24,#9f8ef4
Denmark,2011,10.22,#9f8ef4
Denmark,2012,9.1,#9f8ef4
Denmark,2013,9.43,#9f8ef4
Denmark,2014,9.53,#9f8ef4
Denmark,2015,9.38,#9f8ef4
Denmark,2016,9.55,#9f8ef4
Estonia,2019,11.26,#38aac1
Estonia,1990,9.84,#38aac1
Estonia,1991,9.13,#38aac1
Estonia,1992,7.84,#38aac1
Estonia,1993,8.1,#38aac1
Estonia,1994,8.18,#38aac1
Estonia,1995,8.27,#38aac1
Estonia,1996,7.97,#38aac1
Estonia,1997,8.3,#38aac1
Estonia,1998,8.01,#38aac1
Estonia,1999,8.85,#38aac1
Estonia,2000,7.9,#38aac1
Estonia,2001,9.22,#38aac1
Estonia,2002,10.36,#38aac1
Estonia,2003,11.55,#38aac1
Estonia,2004,13.23,#38aac1
Estonia,2005,14.7,#38aac1
Estonia,2006,15.83,#38aac1
Estonia,2007,17.37,#38aac1
Estonia,2008,16.38,#38aac1
Estonia,2009,14.32,#38aac1
Estonia,2010,14.97,#38aac1
Estonia,2011,16.27,#38aac1
Estonia,2012,16.96,#38aac1
Estonia,2013,17.75,#38aac1
Estonia,2014,17.29,#38aac1
Estonia,2015,16.64,#38aac1
Estonia,2016,15.35,#38aac1
Finland,2019,9.16,#f77460
Finland,1961,2.91,#f77460
Finland,1962,3.02,#f77460
Finland,1963,3.07,#f77460
Finland,1964,3.1,#f77460
Finland,1965,3.28,#f77460
Finland,1966,3.46,#f77460
Finland,1967,3.63,#f77460
Finland,1968,3.93,#f77460
Finland,1969,5.72,#f77460
Finland,1970,5.84,#f77460
Finland,1971,6.39,#f77460
Finland,1972,6.8,#f77460
Finland,1973,7.38,#f77460
Finland,1974,8.42,#f77460
Finland,1975,8.0,#f77460
Finland,1976,8.09,#f77460
Finland,1977,8.15,#f77460
Finland,1978,7.89,#f77460
Finland,1979,7.84,#f77460
Finland,1980,7.94,#f77460
Finland,1981,8.01,#f77460
Finland,1982,7.92,#f77460
Finland,1983,7.94,#f77460
Finland,1984,8.06,#f77460
Finland,1985,8.02,#f77460
Finland,1986,8.51,#f77460
Finland,1987,8.75,#f77460
Finland,1988,9.03,#f77460
Finland,1989,9.42,#f77460
Finland,1990,9.53,#f77460
Finland,1991,9.22,#f77460
Finland,1992,8.88,#f77460
Finland,1993,8.39,#f77460
Finland,1994,8.16,#f77460
Finland,1995,8.31,#f77460
Finland,1996,8.24,#f77460
Finland,1997,8.56,#f77460
Finland,1998,8.6,#f77460
Finland,1999,8.62,#f77460
Finland,2000,8.59,#f77460
Finland,2001,8.94,#f77460
Finland,2002,9.25,#f77460
Finland,2003,9.31,#f77460
Finland,2004,9.89,#f77460
Finland,2005,9.95,#f77460
Finland,2006,10.15,#f77460
Finland,2007,10.45,#f77460
Finland,2008,10.26,#f77460
Finland,2009,9.96,#f77460
Finland,2010,9.72,#f77460
Finland,2011,9.81,#f77460
Finland,2012,9.27,#f77460
Finland,2013,9.07,#f77460
Finland,2014,8.75,#f77460
Finland,2015,8.51,#f77460
Finland,2016,8.43,#f77460
France,2019,11.3,#9ea231
France,1961,26.04,#9ea231
France,1962,24.6,#9ea231
France,1963,24.63,#9ea231
France,1964,23.96,#9ea231
France,1965,23.37,#9ea231
France,1966,23.32,#9ea231
France,1967,23.05,#9ea231
France,1968,22.48,#9ea231
France,1969,22.15,#9ea231
France,1970,21.77,#9ea231
France,1971,21.44,#9ea231
France,1972,21.2,#9ea231
France,1973,21.4,#9ea231
France,1974,21.15,#9ea231
France,1975,21.12,#9ea231
France,1976,20.84,#9ea231
France,1977,20.74,#9ea231
France,1978,19.88,#9ea231
France,1979,19.4,#9ea231
France,1980,18.97,#9ea231
France,1981,18.33,#9ea231
France,1982,18.25,#9ea231
France,1983,17.72,#9ea231
France,1984,16.89,#9ea231
France,1985,16.59,#9ea231
France,1986,16.13,#9ea231
France,1987,15.9,#9ea231
France,1988,15.86,#9ea231
France,1989,16.05,#9ea231
France,1990,15.73,#9ea231
France,1991,14.85,#9ea231
France,1992,14.72,#9ea231
France,1993,14.24,#9ea231
France,1994,14.11,#9ea231
France,1995,14.12,#9ea231
France,1996,13.77,#9ea231
France,1997,13.31,#9ea231
France,1998,13.27,#9ea231
France,1999,13.15,#9ea231
France,2000,13.63,#9ea231
France,2001,13.89,#9ea231
France,2002,13.78,#9ea231
France,2003,13.49,#9ea231
France,2004,13.18,#9ea231
France,2005,12.6,#9ea231
France,2006,12.4,#9ea231
France,2007,12.6,#9ea231
France,2008,12.3,#9ea231
France,2009,12.3,#9ea231
France,2010,12.33,#9ea231
France,2011,12.37,#9ea231
France,2012,12.24,#9ea231
France,2013,11.64,#9ea231
France,2014,11.97,#9ea231
France,2015,11.87,#9ea231
France,2016,11.74,#9ea231
Germany,2019,12.22,#f66da6
Germany,1961,11.03,#f66da6
Germany,1962,12.05,#f66da6
Germany,1963,12.85,#f66da6
Germany,1964,13.71,#f66da6
Germany,1965,14.0,#f66da6
Germany,1966,13.59,#f66da6
Germany,1967,13.51,#f66da6
Germany,1968,14.04,#f66da6
Germany,1969,14.98,#f66da6
Germany,1970,15.53,#f66da6
Germany,1971,16.54,#f66da6
Germany,1972,16.25,#f66da6
Germany,1973,16.74,#f66da6
Germany,1974,15.92,#f66da6
Germany,1975,16.84,#f66da6
Germany,1976,17.23,#f66da6
Germany,1977,16.44,#f66da6
Germany,1978,16.27,#f66da6
Germany,1979,16.67,#f66da6
Germany,1980,16.45,#f66da6
Germany,1981,16.01,#f66da6
Germany,1982,15.69,#f66da6
Germany,1983,15.75,#f66da6
Germany,1984,15.14,#f66da6
Germany,1985,15.14,#f66da6
Germany,1986,14.72,#f66da6
Germany,1987,14.82,#f66da6
Germany,1988,14.61,#f66da6
Germany,1989,14.64,#f66da6
Germany,1990,14.89,#f66da6
Germany,1991,13.92,#f66da6
Germany,1992,13.84,#f66da6
Germany,1993,13.5,#f66da6
Germany,1994,13.37,#f66da6
Germany,1995,13.35,#f66da6
Germany,1996,13.12,#f66da6
Germany,1997,13.0,#f66da6
Germany,1998,12.74,#f66da6
Germany,1999,12.94,#f66da6
Germany,2000,12.91,#f66da6
Germany,2001,12.46,#f66da6
Germany,2002,12.25,#f66da6
Germany,2003,11.92,#f66da6
Germany,2004,11.83,#f66da6
Germany,2005,12.04,#f66da6
Germany,2006,12.14,#f66da6
Germany,2007,11.89,#f66da6
Germany,2008,11.75,#f66da6
Germany,2009,11.61,#f66da6
Germany,2010,11.35,#f66da6
Germany,2011,11.87,#f66da6
Germany,2012,11.76,#f66da6
Germany,2013,11.67,#f66da6
Germany,2014,11.6,#f66da6
Germany,2015,11.99,#f66da6
Germany,2016,10.9,#f66da6
Greece,2019,7.12,#f566cb
Greece,1963,9.67,#f566cb
Greece,1964,9.82,#f566cb
Greece,1965,9.99,#f566cb
Greece,1966,10.1,#f566cb
Greece,1967,10.09,#f566cb
Greece,1968,10.15,#f566cb
Greece,1969,10.18,#f566cb
Greece,1970,10.33,#f566cb
Greece,1971,10.39,#f566cb
Greece,1972,10.43,#f566cb
Greece,1973,10.67,#f566cb
Greece,1974,10.88,#f566cb
Greece,1975,10.88,#f566cb
Greece,1976,11.01,#f566cb
Greece,1977,10.92,#f566cb
Greece,1978,11.39,#f566cb
Greece,1979,11.59,#f566cb
Greece,1980,13.21,#f566cb
Greece,1981,12.04,#f566cb
Greece,1982,11.01,#f566cb
Greece,1983,11.78,#f566cb
Greece,1984,11.59,#f566cb
Greece,1985,10.88,#f566cb
Greece,1986,8.92,#f566cb
Greece,1987,9.82,#f566cb
Greece,1988,10.1,#f566cb
Greece,1989,10.15,#f566cb
Greece,1990,10.33,#f566cb
Greece,1991,10.18,#f566cb
Greece,1992,9.99,#f566cb
Greece,1993,10.67,#f566cb
Greece,1994,10.43,#f566cb
Greece,1995,10.09,#f566cb
Greece,1996,9.67,#f566cb
Greece,1997,9.5,#f566cb
Greece,1998,9.03,#f566cb
Greece,1999,9.47,#f566cb
Greece,2000,9.16,#f566cb
Greece,2001,9.32,#f566cb
Greece,2002,8.67,#f566cb
Greece,2003,9.49,#f566cb
Greece,2004,9.6,#f566cb
Greece,2005,10.03,#f566cb
Greece,2006,9.47,#f566cb
Greece,2007,9.7,#f566cb
Greece,2008,9.52,#f566cb
Greece,2009,9.07,#f566cb
Greece,2010,8.99,#f566cb
Greece,2011,8.03,#f566cb
Greece,2012,7.62,#f566cb
Greece,2013,7.52,#f566cb
Greece,2014,6.99,#f566cb
Greece,2015,6.64,#f566cb
Greece,2016,6.52,#f566cb
Hungary,2019,10.6,#f55fe7
Hungary,1961,9.02,#f55fe7
Hungary,1962,9.26,#f55fe7
Hungary,1963,9.14,#f55fe7
Hungary,1964,10.21,#f55fe7
Hungary,1965,9.53,#f55fe7
Hungary,1966,9.58,#f55fe7
Hungary,1967,10.42,#f55fe7
Hungary,1968,10.64,#f55fe7
Hungary,1969,11.77,#f55fe7
Hungary,1970,12.4,#f55fe7
Hungary,1971,12.79,#f55fe7
Hungary,1972,12.73,#f55fe7
Hungary,1973,12.82,#f55fe7
Hungary,1974,12.86,#f55fe7
Hungary,1975,13.79,#f55fe7
Hungary,1976,14.72,#f55fe7
Hungary,1977,15.67,#f55fe7
Hungary,1978,16.06,#f55fe7
Hungary,1979,15.59,#f55fe7
Hungary,1980,16.88,#f55fe7
Hungary,1981,16.73,#f55fe7
Hungary,1982,16.82,#f55fe7
Hungary,1983,16.39,#f55fe7
Hungary,1984,16.82,#f55fe7
Hungary,1985,16.74,#f55fe7
Hungary,1986,16.67,#f55fe7
Hungary,1987,15.7,#f55fe7
Hungary,1988,15.34,#f55fe7
Hungary,1989,16.29,#f55fe7
Hungary,1990,16.15,#f55fe7
Hungary,1991,15.43,#f55fe7
Hungary,1992,14.82,#f55fe7
Hungary,1993,14.16,#f55fe7
Hungary,1994,13.71,#f55fe7
Hungary,1995,12.56,#f55fe7
Hungary,1996,12.55,#f55fe7
Hungary,1997,12.51,#f55fe7
Hungary,1998,12.69,#f55fe7
Hungary,1999,12.09,#f55fe7
Hungary,2000,12.23,#f55fe7
Hungary,2001,13.18,#f55fe7
Hungary,2002,13.28,#f55fe7
Hungary,2003,13.24,#f55fe7
Hungary,2004,13.28,#f55fe7
Hungary,2005,12.94,#f55fe7
Hungary,2006,13.16,#f55fe7
Hungary,2007,12.55,#f55fe7
Hungary,2008,11.64,#f55fe7
Hungary,2009,11.46,#f55fe7
Hungary,2010,10.75,#f55fe7
Hungary,2011,11.35,#f55fe7
Hungary,2012,11.14,#f55fe7
Hungary,2013,10.7,#f55fe7
Hungary,2014,10.88,#f55fe7
Hungary,2015,10.9,#f55fe7
Hungary,2016,10.85,#f55fe7
Iceland,2019,8.07,#7699f4
Iceland,1961,3.04,#7699f4
Iceland,1962,3.41,#7699f4
Iceland,1963,3.55,#7699f4
Iceland,1964,3.64,#7699f4
Iceland,1965,3.79,#7699f4
Iceland,1966,4.2,#7699f4
Iceland,1967,4.42,#7699f4
Iceland,1968,3.87,#7699f4
Iceland,1969,3.91,#7699f4
Iceland,1970,4.57,#7699f4
Iceland,1971,4.88,#7699f4
Iceland,1972,5.04,#7699f4
Iceland,1973,5.19,#7699f4
Iceland,1974,5.3,#7699f4
Iceland,1975,4.75,#7699f4
Iceland,1976,4.76,#7699f4
Iceland,1977,5.09,#7699f4
Iceland,1978,4.8,#7699f4
Iceland,1979,5.12,#7699f4
Iceland,1980,4.97,#7699f4
Iceland,1981,5.05,#7699f4
Iceland,1982,4.92,#7699f4
Iceland,1983,5.11,#7699f4
Iceland,1984,5.37,#7699f4
Iceland,1985,5.34,#7699f4
Iceland,1986,5.47,#7699f4
Iceland,1987,5.64,#7699f4
Iceland,1988,5.47,#7699f4
Iceland,1989,5.35,#7699f4
Iceland,1990,5.24,#7699f4
Iceland,1991,5.14,#7699f4
Iceland,1992,4.73,#7699f4
Iceland,1993,4.45,#7699f4
Iceland,1994,4.61,#7699f4
Iceland,1995,4.76,#7699f4
Iceland,1996,4.9,#7699f4
Iceland,1997,5.1,#7699f4
Iceland,1998,5.56,#7699f4
Iceland,1999,5.9,#7699f4
Iceland,2000,6.14,#7699f4
Iceland,2001,6.32,#7699f4
Iceland,2002,6.53,#7699f4
Iceland,2003,6.52,#7699f4
Iceland,2004,6.71,#7699f4
Iceland,2005,7.05,#7699f4
Iceland,2006,7.2,#7699f4
Iceland,2007,7.53,#7699f4
Iceland,2008,7.19,#7699f4
Iceland,2009,7.24,#7699f4
Iceland,2010,6.79,#7699f4
Iceland,2011,6.84,#7699f4
Iceland,2012,6.82,#7699f4
Iceland,2013,6.8,#7699f4
Iceland,2014,7.01,#7699f4
Iceland,2015,7.66,#7699f4
Iceland,2016,7.5,#7699f4
Ireland,2019,11.7,#3aa6dd
Ireland,1963,7.39,#3aa6dd
Ireland,1964,7.67,#3aa6dd
Ireland,1965,7.7,#3aa6dd
Ireland,1966,7.87,#3aa6dd
Ireland,1967,8.02,#3aa6dd
Ireland,1968,8.77,#3aa6dd
Ireland,1969,9.17,#3aa6dd
Ireland,1970,10.58,#3aa6dd
Ireland,1971,11.13,#3aa6dd
Ireland,1972,12.0,#3aa6dd
Ireland,1973,13.11,#3aa6dd
Ireland,1974,13.67,#3aa6dd
Ireland,1975,13.84,#3aa6dd
Ireland,1976,13.55,#3aa6dd
Ireland,1977,13.56,#3aa6dd
Ireland,1978,13.86,#3aa6dd
Ireland,1979,13.83,#3aa6dd
Ireland,1980,13.19,#3aa6dd
Ireland,1981,12.51,#3aa6dd
Ireland,1982,11.9,#3aa6dd
Ireland,1983,10.87,#3aa6dd
Ireland,1984,11.07,#3aa6dd
Ireland,1985,11.62,#3aa6dd
Ireland,1986,11.23,#3aa6dd
Ireland,1987,10.99,#3aa6dd
Ireland,1988,11.39,#3aa6dd
Ireland,1989,11.79,#3aa6dd
Ireland,1990,12.13,#3aa6dd
Ireland,1991,12.2,#3aa6dd
Ireland,1992,12.51,#3aa6dd
Ireland,1993,12.34,#3aa6dd
Ireland,1994,12.67,#3aa6dd
Ireland,1995,12.86,#3aa6dd
Ireland,1996,13.66,#3aa6dd
Ireland,1997,14.18,#3aa6dd
Ireland,1998,14.44,#3aa6dd
Ireland,1999,14.95,#3aa6dd
Ireland,2000,13.87,#3aa6dd
Ireland,2001,14.06,#3aa6dd
Ireland,2002,13.98,#3aa6dd
Ireland,2003,13.07,#3aa6dd
Ireland,2004,13.14,#3aa6dd
Ireland,2005,13.42,#3aa6dd
Ireland,2006,13.38,#3aa6dd
Ireland,2007,13.37,#3aa6dd
Ireland,2008,12.42,#3aa6dd
Ireland,2009,11.27,#3aa6dd
Ireland,2010,11.63,#3aa6dd
Ireland,2011,11.65,#3aa6dd
Ireland,2012,11.53,#3aa6dd
Ireland,2013,10.64,#3aa6dd
Ireland,2014,11.0,#3aa6dd
Ireland,2015,10.93,#3aa6dd
Ireland,2016,11.46,#3aa6dd
Israel,2019,3.01,#31b345
Israel,1961,4.39,#31b345
Israel,1962,4.8,#31b345
Israel,1963,4.12,#31b345
Israel,1964,5.05,#31b345
Israel,1965,4.86,#31b345
Israel,1966,4.38,#31b345
Israel,1967,4.48,#31b345
Israel,1968,4.51,#31b345
Israel,1969,4.89,#31b345
Israel,1970,4.56,#31b345
Israel,1971,4.66,#31b345
Israel,1972,4.91,#31b345
Israel,1973,4.86,#31b345
Israel,1974,4.74,#31b345
Israel,1975,5.09,#31b345
Israel,1976,5.0,#31b345
Israel,1977,3.92,#31b345
Israel,1978,3.52,#31b345
Israel,1979,3.05,#31b345
Israel,1980,2.92,#31b345
Israel,1981,2.8,#31b345
Israel,1982,2.65,#31b345
Israel,1983,2.8,#31b345
Israel,1984,2.65,#31b345
Israel,1985,2.69,#31b345
Israel,1986,2.26,#31b345
Israel,1987,2.26,#31b345
Israel,1988,2.18,#31b345
Israel,1989,2.03,#31b345
Israel,1990,1.84,#31b345
Israel,1991,1.73,#31b345
Israel,1992,1.81,#31b345
Israel,1993,2.18,#31b345
Israel,1994,1.72,#31b345
Israel,1995,1.5,#31b345
Israel,1996,1.62,#31b345
Israel,1997,2.03,#31b345
Israel,1998,2.09,#31b345
Israel,1999,2.0,#31b345
Israel,2000,2.63,#31b345
Israel,2001,2.61,#31b345
Israel,2002,2.55,#31b345
Israel,2003,2.36,#31b345
Israel,2004,2.3,#31b345
Israel,2005,2.41,#31b345
Israel,2006,2.23,#31b345
Israel,2007,2.34,#31b345
Israel,2008,2.48,#31b345
Israel,2009,2.56,#31b345
Israel,2010,2.63,#31b345
Israel,2011,2.66,#31b345
Israel,2012,2.81,#31b345
Israel,2013,2.86,#31b345
Israel,2014,2.71,#31b345
Israel,2015,2.61,#31b345
Israel,2016,2.64,#31b345
Italy,2019,7.97,#f66ab2
Italy,1961,19.24,#f66ab2
Italy,1962,19.44,#f66ab2
Italy,1963,18.18,#f66ab2
Italy,1964,17.75,#f66ab2
Italy,1965,18.42,#f66ab2
Italy,1966,18.73,#f66ab2
Italy,1967,19.01,#f66ab2
Italy,1968,19.71,#f66ab2
Italy,1969,19.73,#f66ab2
Italy,1970,19.72,#f66ab2
Italy,1971,19.56,#f66ab2
Italy,1972,19.49,#f66ab2
Italy,1973,19.89,#f66ab2
Italy,1974,19.65,#f66ab2
Italy,1975,18.32,#f66ab2
Italy,1976,17.6,#f66ab2
Italy,1977,16.99,#f66ab2
Italy,1978,16.53,#f66ab2
Italy,1979,16.49,#f66ab2
Italy,1980,16.73,#f66ab2
Italy,1981,15.07,#f66ab2
Italy,1982,14.5,#f66ab2
Italy,1983,14.55,#f66ab2
Italy,1984,14.08,#f66ab2
Italy,1985,13.22,#f66ab2
Italy,1986,12.37,#f66ab2
Italy,1987,11.76,#f66ab2
Italy,1988,11.41,#f66ab2
Italy,1989,10.95,#f66ab2
Italy,1990,10.99,#f66ab2
Italy,1991,10.82,#f66ab2
Italy,1992,10.55,#f66ab2
Italy,1993,10.27,#f66ab2
Italy,1994,10.12,#f66ab2
Italy,1995,9.62,#f66ab2
Italy,1996,9.13,#f66ab2
Italy,1997,9.12,#f66ab2
Italy,1998,8.98,#f66ab2
Italy,1999,8.86,#f66ab2
Italy,2000,9.78,#f66ab2
Italy,2001,9.68,#f66ab2
Italy,2002,9.25,#f66ab2
Italy,2003,9.3,#f66ab2
Italy,2004,8.98,#f66ab2
Italy,2005,7.41,#f66ab2
Italy,2006,7.26,#f66ab2
Italy,2007,7.19,#f66ab2
Italy,2008,6.84,#f66ab2
Italy,2009,6.4,#f66ab2
Italy,2010,6.95,#f66ab2
Italy,2011,6.98,#f66ab2
Italy,2012,7.48,#f66ab2
Italy,2013,7.35,#f66ab2
Italy,2014,7.56,#f66ab2
Italy,2015,7.14,#f66ab2
Italy,2016,7.08,#f66ab2
Latvia,2019,13.09,#36acad
Latvia,1980,13.03,#36acad
Latvia,1981,12.79,#36acad
Latvia,1982,12.43,#36acad
Latvia,1983,12.33,#36acad
Latvia,1984,12.35,#36acad
Latvia,1985,10.85,#36acad
Latvia,1986,7.79,#36acad
Latvia,1987,5.75,#36acad
Latvia,1988,6.27,#36acad
Latvia,1989,7.51,#36acad
Latvia,1990,6.72,#36acad
Latvia,1991,6.74,#36acad
Latvia,1992,6.88,#36acad
Latvia,1993,7.95,#36acad
Latvia,1994,9.59,#36acad
Latvia,1995,9.08,#36acad
Latvia,1996,8.37,#36acad
Latvia,1997,8.36,#36acad
Latvia,1998,8.94,#36acad
Latvia,1999,8.84,#36acad
Latvia,2000,7.13,#36acad
Latvia,2001,6.68,#36acad
Latvia,2002,7.44,#36acad
Latvia,2003,8.24,#36acad
Latvia,2004,8.81,#36acad
Latvia,2005,9.92,#36acad
Latvia,2006,10.4,#36acad
Latvia,2007,12.12,#36acad
Latvia,2008,11.84,#36acad
Latvia,2009,9.85,#36acad
Latvia,2010,9.83,#36acad
Latvia,2011,10.11,#36acad
Latvia,2012,10.2,#36acad
Latvia,2013,10.43,#36acad
Latvia,2014,10.6,#36acad
Latvia,2015,10.82,#36acad
Latvia,2016,11.19,#36acad
Lithuania,2019,11.79,#7caa31
Lithuania,1984,13.01,#7caa31
Lithuania,1985,11.56,#7caa31
Lithuania,1986,8.04,#7caa31
Lithuania,1987,6.22,#7caa31
Lithuania,1988,7.11,#7caa31
Lithuania,1989,8.14,#7caa31
Lithuania,1990,7.05,#7caa31
Lithuania,1991,8.03,#7caa31
Lithuania,1992,3.97,#7caa31
Lithuania,1993,3.88,#7caa31
Lithuania,1994,3.62,#7caa31
Lithuania,1995,6.09,#7caa31
Lithuania,1996,7.13,#7caa31
Lithuania,1997,7.34,#7caa31
Lithuania,1998,6.35,#7caa31
Lithuania,1999,6.75,#7caa31
Lithuania,2000,9.87,#7caa31
Lithuania,2001,10.2,#7caa31
Lithuania,2002,11.0,#7caa31
Lithuania,2003,11.29,#7caa31
Lithuania,2004,12.1,#7caa31
Lithuania,2005,12.3,#7caa31
Lithuania,2006,12.7,#7caa31
Lithuania,2007,13.4,#7caa31
Lithuania,2008,13.3,#7caa31
Lithuania,2009,12.4,#7caa31
Lithuania,2010,13.61,#7caa31
Lithuania,2011,14.88,#7caa31
Lithuania,2012,15.15,#7caa31
Lithuania,2013,15.14,#7caa31
Lithuania,2014,14.82,#7caa31
Lithuania,2015,14.42,#7caa31
Lithuania,2016,13.61,#7caa31
Luxembourg,2019,11.53,#3ba3ec
Luxembourg,1961,18.54,#3ba3ec
Luxembourg,1962,18.33,#3ba3ec
Luxembourg,1963,18.74,#3ba3ec
Luxembourg,1964,18.84,#3ba3ec
Luxembourg,1965,18.69,#3ba3ec
Luxembourg,1966,18.46,#3ba3ec
Luxembourg,1967,18.28,#3ba3ec
Luxembourg,1968,18.26,#3ba3ec
Luxembourg,1969,18.56,#3ba3ec
Luxembourg,1970,18.65,#3ba3ec
Luxembourg,1971,18.99,#3ba3ec
Luxembourg,1972,18.73,#3ba3ec
Luxembourg,1973,19.07,#3ba3ec
Luxembourg,1974,18.54,#3ba3ec
Luxembourg,1975,18.98,#3ba3ec
Luxembourg,1976,19.03,#3ba3ec
Luxembourg,1977,18.59,#3ba3ec
Luxembourg,1978,18.08,#3ba3ec
Luxembourg,1979,18.03,#3ba3ec
Luxembourg,1980,17.57,#3ba3ec
Luxembourg,1981,17.04,#3ba3ec
Luxembourg,1982,16.84,#3ba3ec
Luxembourg,1983,16.61,#3ba3ec
Luxembourg,1984,15.9,#3ba3ec
Luxembourg,1985,15.74,#3ba3ec
Luxembourg,1986,15.3,#3ba3ec
Luxembourg,1987,15.23,#3ba3ec
Luxembourg,1988,15.11,#3ba3ec
Luxembourg,1989,15.21,#3ba3ec
Luxembourg,1990,15.03,#3ba3ec
Luxembourg,1991,14.26,#3ba3ec
Luxembourg,1992,14.18,#3ba3ec
Luxembourg,1993,13.74,#3ba3ec
Luxembourg,1994,13.61,#3ba3ec
Luxembourg,1995,13.61,#3ba3ec
Luxembourg,1996,13.31,#3ba3ec
Luxembourg,1997,13.03,#3ba3ec
Luxembourg,1998,12.88,#3ba3ec
Luxembourg,1999,12.92,#3ba3ec
Luxembourg,2000,13.14,#3ba3ec
Luxembourg,2001,12.89,#3ba3ec
Luxembourg,2002,12.91,#3ba3ec
Luxembourg,2003,12.61,#3ba3ec
Luxembourg,2004,12.42,#3ba3ec
Luxembourg,2005,12.02,#3ba3ec
Luxembourg,2006,12.17,#3ba3ec
Luxembourg,2007,11.94,#3ba3ec
Luxembourg,2008,11.72,#3ba3ec
Luxembourg,2009,11.6,#3ba3ec
Luxembourg,2010,11.72,#3ba3ec
Luxembourg,2011,12.01,#3ba3ec
Luxembourg,2012,11.89,#3ba3ec
Luxembourg,2013,11.55,#3ba3ec
Luxembourg,2014,11.69,#3ba3ec
Luxembourg,2015,11.83,#3ba3ec
Luxembourg,2016,11.22,#3ba3ec
Montenegro,2019,10.34,#35ae9a
Montenegro,2006,6.53,#35ae9a
Montenegro,2007,5.69,#35ae9a
Montenegro,2008,6.94,#35ae9a
Montenegro,2009,7.26,#35ae9a
Montenegro,2010,7.26,#35ae9a
Montenegro,2011,6.38,#35ae9a
Montenegro,2012,6.49,#35ae9a
Montenegro,2013,6.47,#35ae9a
Montenegro,2014,6.53,#35ae9a
Montenegro,2015,6.41,#35ae9a
Montenegro,2016,6.36,#35ae9a
Moldova,2019,11.36,#37abb3
Moldova,1992,10.06,#37abb3
Moldova,1993,11.6,#37abb3
Moldova,1994,16.31,#37abb3
Moldova,1995,15.82,#37abb3
Moldova,1996,16.44,#37abb3
Moldova,1997,16.4,#37abb3
Moldova,1998,16.87,#37abb3
Moldova,1999,14.37,#37abb3
Moldova,2000,9.77,#37abb3
Moldova,2001,10.78,#37abb3
Moldova,2002,6.44,#37abb3
Moldova,2003,7.76,#37abb3
Moldova,2004,11.77,#37abb3
Moldova,2005,10.16,#37abb3
Moldova,2006,7.72,#37abb3
Moldova,2007,8.94,#37abb3
Moldova,2008,8.35,#37abb3
Moldova,2009,7.77,#37abb3
Moldova,2010,7.55,#37abb3
Moldova,2011,8.67,#37abb3
Moldova,2012,9.85,#37abb3
Moldova,2013,9.62,#37abb3
Moldova,2014,9.14,#37abb3
Moldova,2015,9.39,#37abb3
Moldova,2016,9.3,#37abb3
North Macedonia,1992,7,#94a431
North Macedonia,1993,5.09,#94a431
North Macedonia,1994,7.54,#94a431
North Macedonia,1995,6.63,#94a431
North Macedonia,1996,5.68,#94a431
North Macedonia,1997,5.53,#94a431
North Macedonia,1998,6.24,#94a431
North Macedonia,1999,5.03,#94a431
North Macedonia,2000,4.86,#94a431
North Macedonia,2001,4.6,#94a431
North Macedonia,2002,4.49,#94a431
North Macedonia,2003,3.91,#94a431
North Macedonia,2004,3.94,#94a431
North Macedonia,2005,4.58,#94a431
North Macedonia,2006,4.01,#94a431
North Macedonia,2007,4.04,#94a431
North Macedonia,2008,4.27,#94a431
North Macedonia,2009,3.9,#94a431
North Macedonia,2010,3.76,#94a431
North Macedonia,2011,3.74,#94a431
North Macedonia,2012,3.74,#94a431
North Macedonia,2013,3.81,#94a431
North Macedonia,2014,3.75,#94a431
North Macedonia,2015,4.68,#94a431
North Macedonia,2016,4.83,#94a431
Netherlands,2019,9.3,#d28e32
Netherlands,1961,3.95,#d28e32
Netherlands,1961,3.97,#d28e32
Netherlands,1962,4.29,#d28e32
Netherlands,1963,4.63,#d28e32
Netherlands,1964,4.97,#d28e32
Netherlands,1965,5.74,#d28e32
Netherlands,1966,5.24,#d28e32
Netherlands,1967,5.98,#d28e32
Netherlands,1968,6.22,#d28e32
Netherlands,1969,6.9,#d28e32
Netherlands,1970,7.54,#d28e32
Netherlands,1971,8.09,#d28e32
Netherlands,1972,8.76,#d28e32
Netherlands,1973,9.77,#d28e32
Netherlands,1974,10.34,#d28e32
Netherlands,1975,11.41,#d28e32
Netherlands,1976,10.53,#d28e32
Netherlands,1977,11.07,#d28e32
Netherlands,1978,11.25,#d28e32
Netherlands,1979,11.65,#d28e32
Netherlands,1980,11.33,#d28e32
Netherlands,1981,11.25,#d28e32
Netherlands,1982,11.04,#d28e32
Netherlands,1983,11.22,#d28e32
Netherlands,1984,10.76,#d28e32
Netherlands,1985,10.55,#d28e32
Netherlands,1986,10.62,#d28e32
Netherlands,1987,10.2,#d28e32
Netherlands,1988,10.17,#d28e32
Netherlands,1989,10.03,#d28e32
Netherlands,1990,9.91,#d28e32
Netherlands,1991,10.03,#d28e32
Netherlands,1992,10.03,#d28e32
Netherlands,1993,9.67,#d28e32
Netherlands,1994,9.68,#d28e32
Netherlands,1995,9.8,#d28e32
Netherlands,1996,9.8,#d28e32
Netherlands,1997,10.05,#d28e32
Netherlands,1998,9.93,#d28e32
Netherlands,1999,10.06,#d28e32
Netherlands,2000,10.06,#d28e32
Netherlands,2001,9.95,#d28e32
Netherlands,2002,9.68,#d28e32
Netherlands,2003,9.56,#d28e32
Netherlands,2004,9.56,#d28e32
Netherlands,2005,9.67,#d28e32
Netherlands,2006,9.78,#d28e32
Netherlands,2007,9.51,#d28e32
Netherlands,2008,9.61,#d28e32
Netherlands,2009,9.22,#d28e32
Netherlands,2010,9.32,#d28e32
Netherlands,2011,9.17,#d28e32
Netherlands,2012,9.28,#d28e32
Netherlands,2013,8.54,#d28e32
Netherlands,2014,8.16,#d28e32
Netherlands,2015,8.03,#d28e32
Netherlands,2016,8.0,#d28e32
Netherlands,2017,7.94,#d28e32
Netherlands,2018,7.9,#d28e32
Netherlands,2019,7.88,#d28e32
Norway,2019,6.8,#ea8032
Norway,1961,3.74,#ea8032
Norway,1962,3.64,#ea8032
Norway,1963,3.74,#ea8032
Norway,1964,3.7,#ea8032
Norway,1965,3.84,#ea8032
Norway,1966,3.96,#ea8032
Norway,1967,4.15,#ea8032
Norway,1968,4.39,#ea8032
Norway,1969,4.58,#ea8032
Norway,1970,4.84,#ea8032
Norway,1971,5.07,#ea8032
Norway,1972,5.3,#ea8032
Norway,1973,5.4,#ea8032
Norway,1974,5.74,#ea8032
Norway,1975,5.87,#ea8032
Norway,1976,5.84,#ea8032
Norway,1977,5.93,#ea8032
Norway,1978,5.41,#ea8032
Norway,1979,5.83,#ea8032
Norway,1980,5.98,#ea8032
Norway,1981,5.32,#ea8032
Norway,1982,4.83,#ea8032
Norway,1983,4.85,#ea8032
Norway,1984,4.98,#ea8032
Norway,1985,5.22,#ea8032
Norway,1986,5.27,#ea8032
Norway,1987,5.38,#ea8032
Norway,1988,5.26,#ea8032
Norway,1989,5.08,#ea8032
Norway,1990,4.99,#ea8032
Norway,1991,4.9,#ea8032
Norway,1992,4.67,#ea8032
Norway,1993,4.55,#ea8032
Norway,1994,4.74,#ea8032
Norway,1995,4.79,#ea8032
Norway,1996,5.04,#ea8032
Norway,1997,5.28,#ea8032
Norway,1998,5.24,#ea8032
Norway,1999,5.45,#ea8032
Norway,2000,5.67,#ea8032
Norway,2001,5.49,#ea8032
Norway,2002,5.89,#ea8032
Norway,2003,6.04,#ea8032
Norway,2004,6.22,#ea8032
Norway,2005,6.37,#ea8032
Norway,2006,6.47,#ea8032
Norway,2007,6.6,#ea8032
Norway,2008,6.75,#ea8032
Norway,2009,6.68,#ea8032
Norway,2010,6.59,#ea8032
Norway,2011,6.44,#ea8032
Norway,2012,6.21,#ea8032
Norway,2013,6.22,#ea8032
Norway,2014,6.06,#ea8032
Norway,2015,5.97,#ea8032
Norway,2016,6.03,#ea8032
Poland,2019,11.63,#f563d8
Poland,1961,6.27,#f563d8
Poland,1962,6.06,#f563d8
Poland,1963,6.22,#f563d8
Poland,1964,6.16,#f563d8
Poland,1965,6.29,#f563d8
Poland,1966,6.57,#f563d8
Poland,1967,6.94,#f563d8
Poland,1968,7.41,#f563d8
Poland,1969,7.64,#f563d8
Poland,1970,7.62,#f563d8
Poland,1971,8.03,#f563d8
Poland,1972,8.7,#f563d8
Poland,1973,8.67,#f563d8
Poland,1974,9.01,#f563d8
Poland,1975,8.62,#f563d8
Poland,1976,9.45,#f563d8
Poland,1977,10.47,#f563d8
Poland,1978,10.99,#f563d8
Poland,1979,10.62,#f563d8
Poland,1980,10.66,#f563d8
Poland,1981,11.21,#f563d8
Poland,1982,8.54,#f563d8
Poland,1983,8.25,#f563d8
Poland,1984,8.31,#f563d8
Poland,1985,8.5,#f563d8
Poland,1986,9.18,#f563d8
Poland,1987,9.41,#f563d8
Poland,1988,9.52,#f563d8
Poland,1989,9.33,#f563d8
Poland,1990,8.16,#f563d8
Poland,1991,8.63,#f563d8
Poland,1992,8.27,#f563d8
Poland,1993,8.39,#f563d8
Poland,1994,8.31,#f563d8
Poland,1995,8.01,#f563d8
Poland,1996,7.91,#f563d8
Poland,1997,8.51,#f563d8
Poland,1998,8.32,#f563d8
Poland,1999,8.22,#f563d8
Poland,2000,8.4,#f563d8
Poland,2001,7.74,#f563d8
Poland,2002,8.02,#f563d8
Poland,2003,9.06,#f563d8
Poland,2004,9.19,#f563d8
Poland,2005,9.5,#f563d8
Poland,2006,10.4,#f563d8
Poland,2007,10.9,#f563d8
Poland,2008,11.4,#f563d8
Poland,2009,10.7,#f563d8
Poland,2010,10.04,#f563d8
Poland,2011,10.21,#f563d8
Poland,2012,10.19,#f563d8
Poland,2013,10.79,#f563d8
Poland,2014,10.45,#f563d8
Poland,2015,10.48,#f563d8
Poland,2016,10.43,#f563d8
Portugal,2019,10.45,#39a7d2
Portugal,1961,15.02,#39a7d2
Portugal,1962,15.17,#39a7d2
Portugal,1963,18.49,#39a7d2
Portugal,1964,19.37,#39a7d2
Portugal,1965,19.53,#39a7d2
Portugal,1966,16.9,#39a7d2
Portugal,1967,17.03,#39a7d2
Portugal,1968,18.32,#39a7d2
Portugal,1969,13.99,#39a7d2
Portugal,1970,19.89,#39a7d2
Portugal,1971,15.95,#39a7d2
Portugal,1972,16.18,#39a7d2
Portugal,1973,19.06,#39a7d2
Portugal,1974,18.34,#39a7d2
Portugal,1975,19.55,#39a7d2
Portugal,1976,16.87,#39a7d2
Portugal,1977,13.74,#39a7d2
Portugal,1978,14.02,#39a7d2
Portugal,1979,14.19,#39a7d2
Portugal,1980,14.91,#39a7d2
Portugal,1981,15.38,#39a7d2
Portugal,1982,16.99,#39a7d2
Portugal,1983,15.88,#39a7d2
Portugal,1984,16.37,#39a7d2
Portugal,1985,13.93,#39a7d2
Portugal,1986,13.49,#39a7d2
Portugal,1987,12.35,#39a7d2
Portugal,1988,12.92,#39a7d2
Portugal,1989,14.64,#39a7d2
Portugal,1990,15.21,#39a7d2
Portugal,1991,14.78,#39a7d2
Portugal,1992,14.36,#39a7d2
Portugal,1993,14.17,#39a7d2
Portugal,1994,14.05,#39a7d2
Portugal,1995,13.59,#39a7d2
Portugal,1996,12.84,#39a7d2
Portugal,1997,12.58,#39a7d2
Portugal,1998,12.48,#39a7d2
Portugal,1999,13.18,#39a7d2
Portugal,2000,13.08,#39a7d2
Portugal,2001,13.41,#39a7d2
Portugal,2002,13.23,#39a7d2
Portugal,2003,14.21,#39a7d2
Portugal,2004,13.47,#39a7d2
Portugal,2005,13.34,#39a7d2
Portugal,2006,13.12,#39a7d2
Portugal,2007,12.59,#39a7d2
Portugal,2008,12.35,#39a7d2
Portugal,2009,12.03,#39a7d2
Portugal,2010,12.23,#39a7d2
Portugal,2011,11.91,#39a7d2
Portugal,2012,10.86,#39a7d2
Portugal,2013,10.54,#39a7d2
Portugal,2014,10.35,#39a7d2
Portugal,2015,10.54,#39a7d2
Portugal,2016,10.66,#39a7d2
Republic of Serbia,2000,7.38,#f668bf
Republic of Serbia,2001,7.53,#f668bf
Republic of Serbia,2002,6.95,#f668bf
Republic of Serbia,2003,7.25,#f668bf
Republic of Serbia,2004,7.42,#f668bf
Republic of Serbia,2005,9.6,#f668bf
Republic of Serbia,2006,8.52,#f668bf
Republic of Serbia,2007,8.72,#f668bf
Republic of Serbia,2008,8.61,#f668bf
Republic of Serbia,2009,8.6,#f668bf
Republic of Serbia,2010,9.09,#f668bf
Republic of Serbia,2011,8.96,#f668bf
Republic of Serbia,2012,9.05,#f668bf
Republic of Serbia,2013,9.06,#f668bf
Republic of Serbia,2014,8.77,#f668bf
Republic of Serbia,2015,9.13,#f668bf
Republic of Serbia,2016,9.17,#f668bf
Romania,2019,16.99,#33b175
Romania,1961,5.7,#33b175
Romania,1962,6.92,#33b175
Romania,1963,7.01,#33b175
Romania,1964,7.03,#33b175
Romania,1965,7.18,#33b175
Romania,1966,7.27,#33b175
Romania,1967,7.12,#33b175
Romania,1968,7.66,#33b175
Romania,1969,8.0,#33b175
Romania,1970,8.55,#33b175
Romania,1971,8.82,#33b175
Romania,1972,8.97,#33b175
Romania,1973,10.21,#33b175
Romania,1974,10.34,#33b175
Romania,1975,9.68,#33b175
Romania,1976,9.44,#33b175
Romania,1977,9.61,#33b175
Romania,1978,10.47,#33b175
Romania,1979,11.41,#33b175
Romania,1980,10.91,#33b175
Romania,1981,10.48,#33b175
Romania,1982,10.28,#33b175
Romania,1983,10.21,#33b175
Romania,1984,10.14,#33b175
Romania,1985,10.09,#33b175
Romania,1986,10.31,#33b175
Romania,1987,10.29,#33b175
Romania,1988,10.4,#33b175
Romania,1989,8.67,#33b175
Romania,1990,8.92,#33b175
Romania,1991,8.91,#33b175
Romania,1992,8.81,#33b175
Romania,1993,9.01,#33b175
Romania,1994,7.84,#33b175
Romania,1995,8.2,#33b175
Romania,1996,8.05,#33b175
Romania,1997,8.74,#33b175
Romania,1998,7.28,#33b175
Romania,1999,7.66,#33b175
Romania,2000,10.16,#33b175
Romania,2001,9.78,#33b175
Romania,2002,9.62,#33b175
Romania,2003,8.78,#33b175
Romania,2004,9.82,#33b175
Romania,2005,9.95,#33b175
Romania,2006,10.29,#33b175
Romania,2007,11.6,#33b175
Romania,2008,13.11,#33b175
Romania,2009,11.77,#33b175
Romania,2010,10.79,#33b175
Romania,2011,10.4,#33b175
Romania,2012,10.55,#33b175
Romania,2013,10.59,#33b175
Romania,2014,10.46,#33b175
Romania,2015,10.4,#33b175
Romania,2016,10.17,#33b175
Slovakia,2019,10.48,#f77189
Slovakia,1961,9.28,#f77189
Slovakia,1962,9.44,#f77189
Slovakia,1963,9.35,#f77189
Slovakia,1964,10.21,#f77189
Slovakia,1965,11.03,#f77189
Slovakia,1966,11.18,#f77189
Slovakia,1967,10.81,#f77189
Slovakia,1968,11.16,#f77189
Slovakia,1969,12.05,#f77189
Slovakia,1970,12.71,#f77189
Slovakia,1971,14.25,#f77189
Slovakia,1972,13.64,#f77189
Slovakia,1973,13.68,#f77189
Slovakia,1974,13.51,#f77189
Slovakia,1975,14.7,#f77189
Slovakia,1976,13.66,#f77189
Slovakia,1977,14.85,#f77189
Slovakia,1978,13.59,#f77189
Slovakia,1979,13.57,#f77189
Slovakia,1980,14.93,#f77189
Slovakia,1981,15.02,#f77189
Slovakia,1982,15.2,#f77189
Slovakia,1983,14.85,#f77189
Slovakia,1984,14.33,#f77189
Slovakia,1985,13.82,#f77189
Slovakia,1986,13.3,#f77189
Slovakia,1987,13.24,#f77189
Slovakia,1988,12.77,#f77189
Slovakia,1989,12.7,#f77189
Slovakia,1990,13.49,#f77189
Slovakia,1991,13.24,#f77189
Slovakia,1992,12.63,#f77189
Slovakia,1993,12.04,#f77189
Slovakia,1994,13.02,#f77189
Slovakia,1995,12.55,#f77189
Slovakia,1996,12.86,#f77189
Slovakia,1997,13.09,#f77189
Slovakia,1998,12.13,#f77189
Slovakia,1999,12.13,#f77189
Slovakia,2000,11.06,#f77189
Slovakia,2001,10.73,#f77189
Slovakia,2002,10.78,#f77189
Slovakia,2003,9.85,#f77189
Slovakia,2004,10.03,#f77189
Slovakia,2005,10.83,#f77189
Slovakia,2006,10.31,#f77189
Slovakia,2007,10.63,#f77189
Slovakia,2008,11.43,#f77189
Slovakia,2009,10.69,#f77189
Slovakia,2010,10.55,#f77189
Slovakia,2011,10.78,#f77189
Slovakia,2012,10.66,#f77189
Slovakia,2013,10.54,#f77189
Slovakia,2014,10.89,#f77189
Slovakia,2015,10.78,#f77189
Slovakia,2016,10.14,#f77189
Slovenia,2019,10.98,#b087f4
Slovenia,1981,16.94,#b087f4
Slovenia,1982,19.5,#b087f4
Slovenia,1983,17.28,#b087f4
Slovenia,1984,17.23,#b087f4
Slovenia,1985,15.07,#b087f4
Slovenia,1986,18.13,#b087f4
Slovenia,1987,16.64,#b087f4
Slovenia,1988,14.96,#b087f4
Slovenia,1989,12.96,#b087f4
Slovenia,1990,13.79,#b087f4
Slovenia,1991,13.18,#b087f4
Slovenia,1992,15.7,#b087f4
Slovenia,1993,15.66,#b087f4
Slovenia,1994,14.8,#b087f4
Slovenia,1995,13.94,#b087f4
Slovenia,1996,12.6,#b087f4
Slovenia,1997,11.44,#b087f4
Slovenia,1998,14.61,#b087f4
Slovenia,1999,12.28,#b087f4
Slovenia,2000,12.8,#b087f4
Slovenia,2001,11.58,#b087f4
Slovenia,2002,9.87,#b087f4
Slovenia,2003,11.55,#b087f4
Slovenia,2004,10.01,#b087f4
Slovenia,2005,11.19,#b087f4
Slovenia,2006,12.26,#b087f4
Slovenia,2007,11.02,#b087f4
Slovenia,2008,10.94,#b087f4
Slovenia,2009,10.52,#b087f4
Slovenia,2010,10.31,#b087f4
Slovenia,2011,10.61,#b087f4
Slovenia,2012,10.95,#b087f4
Slovenia,2013,9.53,#b087f4
Slovenia,2014,10.92,#b087f4
Slovenia,2015,11.49,#b087f4
Slovenia,2016,10.51,#b087f4
Spain,2019,10.91,#50b131
Spain,1962,14.64,#50b131
Spain,1963,13.56,#50b131
Spain,1964,13.88,#50b131
Spain,1965,14.59,#50b131
Spain,1966,16.03,#50b131
Spain,1967,14.54,#50b131
Spain,1968,14.91,#50b131
Spain,1969,15.22,#50b131
Spain,1970,15.25,#50b131
Spain,1971,15.11,#50b131
Spain,1972,16.33,#50b131
Spain,1973,17.98,#50b131
Spain,1974,18.38,#50b131
Spain,1975,18.53,#50b131
Spain,1976,17.93,#50b131
Spain,1977,17.07,#50b131
Spain,1978,18.28,#50b131
Spain,1979,17.71,#50b131
Spain,1980,17.69,#50b131
Spain,1981,16.84,#50b131
Spain,1982,16.23,#50b131
Spain,1983,16.18,#50b131
Spain,1984,14.49,#50b131
Spain,1985,14.47,#50b131
Spain,1986,14.37,#50b131
Spain,1987,14.41,#50b131
Spain,1988,13.52,#50b131
Spain,1989,13.28,#50b131
Spain,1990,12.98,#50b131
Spain,1991,12.88,#50b131
Spain,1992,12.19,#50b131
Spain,1993,11.67,#50b131
Spain,1994,11.36,#50b131
Spain,1995,11.09,#50b131
Spain,1996,10.86,#50b131
Spain,1997,11.69,#50b131
Spain,1998,11.58,#50b131
Spain,1999,11.33,#50b131
Spain,2000,11.84,#50b131
Spain,2001,12.35,#50b131
Spain,2002,10.74,#50b131
Spain,2003,11.35,#50b131
Spain,2004,11.68,#50b131
Spain,2005,11.92,#50b131
Spain,2006,11.86,#50b131
Spain,2007,11.05,#50b131
Spain,2008,10.24,#50b131
Spain,2009,9.99,#50b131
Spain,2010,9.78,#50b131
Spain,2011,9.01,#50b131
Spain,2012,8.83,#50b131
Spain,2013,8.77,#50b131
Spain,2014,8.7,#50b131
Spain,2015,8.26,#50b131
Spain,2016,8.58,#50b131
Sweden,2019,9.3,#dd8832
Sweden,1961,6.04,#dd8832
Sweden,1962,6.1,#dd8832
Sweden,1963,6.03,#dd8832
Sweden,1964,6.36,#dd8832
Sweden,1965,6.56,#dd8832
Sweden,1966,6.75,#dd8832
Sweden,1967,6.96,#dd8832
Sweden,1968,7.22,#dd8832
Sweden,1969,7.75,#dd8832
Sweden,1970,7.86,#dd8832
Sweden,1971,7.77,#dd8832
Sweden,1972,8.05,#dd8832
Sweden,1973,7.94,#dd8832
Sweden,1974,8.46,#dd8832
Sweden,1975,8.69,#dd8832
Sweden,1976,8.78,#dd8832
Sweden,1977,8.41,#dd8832
Sweden,1978,8.06,#dd8832
Sweden,1979,8.08,#dd8832
Sweden,1980,7.65,#dd8832
Sweden,1981,7.14,#dd8832
Sweden,1982,7.29,#dd8832
Sweden,1983,6.96,#dd8832
Sweden,1984,6.82,#dd8832
Sweden,1985,6.9,#dd8832
Sweden,1986,7.21,#dd8832
Sweden,1987,7.07,#dd8832
Sweden,1988,7.31,#dd8832
Sweden,1989,7.47,#dd8832
Sweden,1990,7.41,#dd8832
Sweden,1991,7.47,#dd8832
Sweden,1992,7.5,#dd8832
Sweden,1993,7.51,#dd8832
Sweden,1994,7.71,#dd8832
Sweden,1995,7.33,#dd8832
Sweden,1996,6.9,#dd8832
Sweden,1997,7.11,#dd8832
Sweden,1998,6.8,#dd8832
Sweden,1999,6.88,#dd8832
Sweden,2000,6.2,#dd8832
Sweden,2001,6.6,#dd8832
Sweden,2002,6.9,#dd8832
Sweden,2003,6.9,#dd8832
Sweden,2004,6.6,#dd8832
Sweden,2005,6.5,#dd8832
Sweden,2006,6.5,#dd8832
Sweden,2007,6.9,#dd8832
Sweden,2008,6.9,#dd8832
Sweden,2009,7.3,#dd8832
Sweden,2010,7.31,#dd8832
Sweden,2011,7.34,#dd8832
Sweden,2012,7.23,#dd8832
Sweden,2013,7.32,#dd8832
Sweden,2014,7.2,#dd8832
Sweden,2015,7.16,#dd8832
Sweden,2016,7.18,#dd8832
Switzerland,2019,10.4,#38a9c8
Switzerland,1966,14.22,#38a9c8
Switzerland,1967,14.19,#38a9c8
Switzerland,1968,14.23,#38a9c8
Switzerland,1969,14.65,#38a9c8
Switzerland,1970,14.79,#38a9c8
Switzerland,1971,14.77,#38a9c8
Switzerland,1972,15.02,#38a9c8
Switzerland,1973,15.63,#38a9c8
Switzerland,1974,15.24,#38a9c8
Switzerland,1975,14.28,#38a9c8
Switzerland,1976,13.96,#38a9c8
Switzerland,1977,14.04,#38a9c8
Switzerland,1978,14.16,#38a9c8
Switzerland,1979,14.06,#38a9c8
Switzerland,1980,14.25,#38a9c8
Switzerland,1981,14.58,#38a9c8
Switzerland,1982,14.71,#38a9c8
Switzerland,1983,14.41,#38a9c8
Switzerland,1984,14.33,#38a9c8
Switzerland,1985,14.37,#38a9c8
Switzerland,1986,14.07,#38a9c8
Switzerland,1987,14.02,#38a9c8
Switzerland,1988,14.03,#38a9c8
Switzerland,1989,13.86,#38a9c8
Switzerland,1990,12.99,#38a9c8
Switzerland,1991,12.9,#38a9c8
Switzerland,1992,12.33,#38a9c8
Switzerland,1993,12.33,#38a9c8
Switzerland,1994,11.79,#38a9c8
Switzerland,1995,11.45,#38a9c8
Switzerland,1996,11.33,#38a9c8
Switzerland,1997,11.21,#38a9c8
Switzerland,1998,11.07,#38a9c8
Switzerland,1999,11.05,#38a9c8
Switzerland,2000,11.26,#38a9c8
Switzerland,2001,11.12,#38a9c8
Switzerland,2002,10.85,#38a9c8
Switzerland,2003,10.82,#38a9c8
Switzerland,2004,10.55,#38a9c8
Switzerland,2005,10.15,#38a9c8
Switzerland,2006,10.24,#38a9c8
Switzerland,2007,10.44,#38a9c8
Switzerland,2008,10.29,#38a9c8
Switzerland,2009,10.15,#38a9c8
Switzerland,2010,10.01,#38a9c8
Switzerland,2011,9.99,#38a9c8
Switzerland,2012,9.87,#38a9c8
Switzerland,2013,9.74,#38a9c8
Switzerland,2014,9.62,#38a9c8
Switzerland,2015,9.62,#38a9c8
Switzerland,2016,9.43,#38a9c8
Ukraine,2019,8.7,#c89232
Ukraine,1975,7.48,#c89232
Ukraine,1980,7.67,#c89232
Ukraine,1981,7.48,#c89232
Ukraine,1982,6.96,#c89232
Ukraine,1983,6.99,#c89232
Ukraine,1984,7.08,#c89232
Ukraine,1985,6.62,#c89232
Ukraine,1986,4.39,#c89232
Ukraine,1987,4.01,#c89232
Ukraine,1988,4.43,#c89232
Ukraine,1989,5.32,#c89232
Ukraine,1990,5.67,#c89232
Ukraine,1991,5.86,#c89232
Ukraine,1992,5.54,#c89232
Ukraine,1993,5.47,#c89232
Ukraine,1994,4.21,#c89232
Ukraine,1995,3.72,#c89232
Ukraine,1996,3.26,#c89232
Ukraine,1997,3.98,#c89232
Ukraine,1998,3.74,#c89232
Ukraine,1999,3.93,#c89232
Ukraine,2000,4.49,#c89232
Ukraine,2001,4.31,#c89232
Ukraine,2002,4.89,#c89232
Ukraine,2003,5.92,#c89232
Ukraine,2004,6.79,#c89232
Ukraine,2005,7.34,#c89232
Ukraine,2006,8.04,#c89232
Ukraine,2007,8.92,#c89232
Ukraine,2008,9.53,#c89232
Ukraine,2009,9.41,#c89232
Ukraine,2010,8.81,#c89232
Ukraine,2011,8.77,#c89232
Ukraine,2012,8.18,#c89232
Ukraine,2013,7.11,#c89232
Ukraine,2014,6.22,#c89232
Ukraine,2015,5.75,#c89232
Ukraine,2016,5.82,#c89232
United Kingdom,1961,7.14,#89a731
United Kingdom,1962,7.09,#89a731
United Kingdom,1963,7.18,#89a731
United Kingdom,1964,7.53,#89a731
United Kingdom,1965,7.4,#89a731
United Kingdom,1966,7.56,#89a731
United Kingdom,1967,7.68,#89a731
United Kingdom,1968,7.91,#89a731
United Kingdom,1969,8.11,#89a731
United Kingdom,1970,8.46,#89a731
United Kingdom,1971,8.83,#89a731
United Kingdom,1972,9.14,#89a731
United Kingdom,1973,10.04,#89a731
United Kingdom,1974,10.39,#89a731
United Kingdom,1975,10.4,#89a731
United Kingdom,1976,10.81,#89a731
United Kingdom,1977,10.28,#89a731
United Kingdom,1978,10.89,#89a731
United Kingdom,1979,11.24,#89a731
United Kingdom,1980,10.71,#89a731
United Kingdom,1981,10.27,#89a731
United Kingdom,1982,9.91,#89a731
United Kingdom,1983,10.1,#89a731
United Kingdom,1984,10.16,#89a731
United Kingdom,1985,10.24,#89a731
United Kingdom,1986,10.26,#89a731
United Kingdom,1987,9.53,#89a731
United Kingdom,1988,9.94,#89a731
United Kingdom,1989,9.99,#89a731
United Kingdom,1990,9.96,#89a731
United Kingdom,1991,10.01,#89a731
United Kingdom,1992,9.65,#89a731
United Kingdom,1993,9.45,#89a731
United Kingdom,1994,9.41,#89a731
United Kingdom,1995,9.7,#89a731
United Kingdom,1996,9.75,#89a731
United Kingdom,1997,9.97,#89a731
United Kingdom,1998,10.14,#89a731
United Kingdom,1999,10.16,#89a731
United Kingdom,2000,10.82,#89a731
United Kingdom,2001,11.29,#89a731
United Kingdom,2002,11.31,#89a731
United Kingdom,2003,11.25,#89a731
United Kingdom,2004,11.55,#89a731
United Kingdom,2005,11.37,#89a731
United Kingdom,2006,10.96,#89a731
United Kingdom,2007,11.14,#89a731
United Kingdom,2008,10.78,#89a731
United Kingdom,2009,10.14,#89a731
United Kingdom,2010,10.22,#89a731
United Kingdom,2011,10.02,#89a731
United Kingdom,2012,9.76,#89a731
United Kingdom,2013,9.65,#89a731
United Kingdom,2014,9.69,#89a731
United Kingdom,2015,9.82,#89a731
United Kingdom,2016,9.81,#89a731
United Kingdom,2019,10.82,#89a731